County,Date,Temperature,Precipitation,Wind,Gust Wind
Alameda,2010-01,49.87,0.0,7.07,1.73
Alameda,2010-02,52.36,0.0,6.79,1.41
Alameda,2010-03,53.44,0.0,8.4,1.39
Alameda,2010-04,54.24,0.0,9.77,2.51
Alameda,2010-05,56.36,0.0,9.84,1.06
Alameda,2010-06,61.92,0.0,9.92,0.97
Alameda,2010-07,61.69,0.0,9.59,0.4
Alameda,2010-08,62.49,0.0,9.61,0.69
Alameda,2010-09,66.55,0.0,7.43,0.3
Alameda,2010-10,63.63,0.0,6.68,0.38
Alameda,2010-11,54.7,0.0,6.56,0.71
Alameda,2010-12,51.76,0.0,6.76,1.49
Alameda,2011-01,49.37,0.0,4.59,0.07
Alameda,2011-02,49.98,0.0,8.43,2.77
Alameda,2011-03,53.31,0.0,9.58,2.65
Alameda,2011-04,55.17,0.0,10.21,1.49
Alameda,2011-05,56.32,0.0,11.59,1.65
Alameda,2011-06,58.97,0.0,9.05,0.59
Alameda,2011-07,60.86,0.0,9.45,0.46
Alameda,2011-08,59.66,0.0,8.51,0.29
Alameda,2011-09,62.64,0.0,7.21,0.19
Alameda,2011-10,63.26,0.0,6.04,0.49
Alameda,2011-11,55.74,0.0,6.4,0.9
Alameda,2011-12,47.95,0.0,4.4,1.24
Alameda,2012-01,48.5,0.0,5.52,1.08
Alameda,2012-02,51.14,0.0,7.26,1.07
Alameda,2012-03,51.94,0.0,9.81,2.63
Alameda,2012-04,55.55,0.0,9.25,1.64
Alameda,2012-05,57.38,0.0,9.57,0.79
Alameda,2012-06,59.7,0.0,10.02,0.99
Alameda,2012-07,60.19,0.0,9.59,0.73
Alameda,2012-08,60.66,0.0,9.15,0.7
Alameda,2012-09,58.61,0.0,7.68,0.15
Alameda,2012-10,61.2,0.0,6.4,0.41
Alameda,2012-11,57.6,0.0,6.5,0.61
Alameda,2012-12,52.09,0.0,7.46,1.74
Alameda,2013-01,48.42,0.0,4.36,0.32
Alameda,2013-02,51.31,0.0,6.04,0.54
Alameda,2013-03,55.53,0.0,7.27,0.65
Alameda,2013-04,60.01,0.0,8.95,2.01
Alameda,2013-05,60.83,0.0,9.89,0.7
Alameda,2013-06,62.74,0.0,9.32,0.65
Alameda,2013-07,62.53,0.0,9.47,0.96
Alameda,2013-08,62.73,0.0,8.71,0.38
Alameda,2013-09,64.8,0.0,9.17,0.68
Alameda,2013-10,58.85,0.0,6.31,0.87
Alameda,2013-11,55.15,0.0,5.05,1.02
Alameda,2013-12,46.77,0.0,4.09,0.39
Alameda,2014-01,51.69,0.0,3.78,0.2
Alameda,2014-02,53.25,0.0,6.9,0.82
Alameda,2014-03,58.06,0.05,8.19,1.44
Alameda,2014-04,58.16,0.07,8.53,1.44
Alameda,2014-05,62.09,0.0,10.52,0.77
Alameda,2014-06,61.42,0.0,9.76,1.0
Alameda,2014-07,64.37,0.0,9.85,0.41
Alameda,2014-08,65.04,0.0,9.02,0.56
Alameda,2014-09,65.39,0.01,7.99,0.38
Alameda,2014-10,63.18,0.01,6.32,0.3
Alameda,2014-11,56.63,0.06,4.7,0.12
Alameda,2014-12,54.33,0.3,6.86,2.19
Alameda,2015-01,50.78,0.0,3.49,0.19
Alameda,2015-02,55.89,0.07,6.29,2.28
Alameda,2015-03,57.75,0.01,6.34,0.0
Alameda,2015-04,56.84,0.03,9.77,0.91
Alameda,2015-05,56.47,0.0,10.99,0.73
Alameda,2015-06,61.53,0.01,9.11,0.79
Alameda,2015-07,65.55,0.0,10.39,0.69
Alameda,2015-08,67.13,0.0,9.51,0.15
Alameda,2015-09,66.1,0.0,7.73,0.46
Alameda,2015-10,63.82,0.0,6.15,0.23
Alameda,2015-11,53.05,0.03,6.53,1.14
Alameda,2015-12,49.51,0.02,7.46,1.4
Alameda,2016-01,52.82,0.01,7.62,1.27
Alameda,2016-02,56.19,0.0,6.1,0.72
Alameda,2016-03,57.38,0.01,9.83,1.42
Alameda,2016-04,60.54,0.0,9.59,0.79
Alameda,2016-05,60.79,0.0,10.12,0.46
Alameda,2016-06,63.38,0.0,10.62,0.64
Alameda,2016-07,62.49,0.0,10.02,0.23
Alameda,2016-08,62.47,0.0,10.02,0.16
Alameda,2016-09,64.11,0.0,8.65,0.2
Alameda,2016-10,62.85,0.0,7.87,0.54
Alameda,2016-11,57.67,0.04,6.16,0.42
Alameda,2016-12,50.74,0.13,6.29,0.4
Alameda,2017-01,50.31,0.24,8.73,2.43
Alameda,2017-02,54.73,0.26,9.32,1.94
Alameda,2017-03,57.15,0.09,8.57,0.97
Alameda,2017-04,59.16,0.08,9.74,0.99
Alameda,2017-05,61.12,0.0,11.18,0.96
Alameda,2017-06,63.9,0.0,10.6,0.58
Alameda,2017-07,63.41,0.0,9.1,0.38
Alameda,2017-08,63.28,0.0,9.47,0.17
Alameda,2017-09,66.8,0.0,8.13,0.32
Alameda,2017-10,60.7,0.0,6.28,0.35
Alameda,2017-11,55.69,0.1,5.87,0.1
Alameda,2017-12,49.03,0.0,4.83,0.71
Alameda,2018-01,51.64,0.15,5.18,0.11
Alameda,2018-02,51.73,0.01,7.63,1.3
Alameda,2018-03,53.13,0.12,8.54,0.71
Alameda,2018-04,55.96,0.1,9.51,0.54
Alameda,2018-05,57.63,0.0,11.6,1.0
Alameda,2018-06,60.64,0.0,10.15,0.36
Alameda,2018-07,61.91,0.0,10.13,0.24
Alameda,2018-08,61.65,0.0,9.52,0.09
Alameda,2018-09,60.64,0.0,8.13,0.12
Alameda,2018-10,61.34,0.0,6.55,0.23
Alameda,2018-11,55.6,0.1,5.52,0.77
Alameda,2018-12,52.0,0.06,6.27,1.03
Alameda,2019-01,53.05,0.12,6.99,1.52
Alameda,2019-02,50.17,0.22,10.87,2.99
Alameda,2019-03,54.59,0.12,8.65,0.75
Alameda,2019-04,59.43,0.02,9.28,0.71
Alameda,2019-05,58.7,0.06,11.59,1.17
Alameda,2019-06,64.68,0.0,9.77,0.6
Alameda,2019-07,64.17,0.0,9.66,0.23
Alameda,2019-08,67.12,0.0,9.11,0.23
Alameda,2019-09,66.84,0.01,8.78,0.36
Alameda,2019-10,61.43,0.0,6.15,0.88
Alameda,2019-11,54.5,0.03,5.64,0.81
Alameda,2019-12,53.26,0.1,7.2,1.02
Alameda,2020-01,51.75,0.06,5.66,0.3
Alameda,2020-02,55.27,0.0,6.61,1.34
Alameda,2020-03,55.62,0.05,8.06,0.83
Alameda,2020-04,58.67,0.03,9.18,0.13
Alameda,2020-05,63.77,0.01,9.92,0.36
Alameda,2020-06,65.14,0.0,10.77,1.07
Alameda,2020-07,64.18,0.0,9.84,0.41
Alameda,2020-08,67.57,0.0,8.98,0.53
Alameda,2020-09,68.18,0.0,6.64,0.06
Alameda,2020-10,66.25,0.0,5.92,0.52
Alameda,2020-11,55.91,0.01,5.73,0.4
Alameda,2020-12,52.69,0.03,5.24,0.14
Alameda,2021-01,53.53,0.08,6.73,2.46
Alameda,2021-02,55.55,0.06,7.08,0.54
Alameda,2021-03,54.57,0.05,9.15,1.44
Alameda,2021-04,54.95,0.0,10.61,0.26
Alameda,2021-05,58.04,0.0,11.05,0.59
Alameda,2021-06,62.3,0.0,11.3,0.32
Alameda,2021-07,61.78,0.0,10.67,0.28
Alameda,2021-08,63.9,0.0,9.03,0.17
Alameda,2021-09,63.94,0.0,8.14,0.2
Alameda,2021-10,61.46,0.17,8.69,1.33
Alameda,2021-11,56.52,0.03,4.82,0.45
Alameda,2021-12,49.53,0.29,8.06,0.72
Amador,2010-01,46.8,0.0,6.4,2.01
Amador,2010-02,51.02,0.0,5.97,1.03
Amador,2010-03,52.83,0.0,6.67,1.35
Amador,2010-04,55.07,0.0,7.3,2.88
Amador,2010-05,61.45,0.0,9.41,4.79
Amador,2010-06,72.3,0.0,9.62,5.56
Amador,2010-07,73.98,0.0,7.73,0.85
Amador,2010-08,71.18,0.0,7.41,1.19
Amador,2010-09,71.15,0.0,6.55,1.13
Amador,2010-10,63.92,0.0,5.8,0.78
Amador,2010-11,50.01,0.0,4.98,0.46
Amador,2010-12,49.44,0.0,6.28,2.72
Amador,2011-01,43.97,0.0,3.99,0.5
Amador,2011-02,47.16,0.0,6.58,2.35
Amador,2011-03,53.14,0.0,8.06,3.58
Amador,2011-04,57.79,0.0,8.89,3.26
Amador,2011-05,60.7,0.0,9.55,4.28
Amador,2011-06,69.02,0.0,8.16,1.84
Amador,2011-07,74.19,0.0,8.23,1.14
Amador,2011-08,74.2,0.0,7.26,0.56
Amador,2011-09,73.91,0.0,6.35,0.62
Amador,2011-10,63.3,0.0,4.75,0.48
Amador,2011-11,49.76,0.0,5.34,0.98
Amador,2011-12,41.68,0.0,3.79,0.79
Amador,2012-01,45.28,0.0,5.21,1.48
Amador,2012-02,49.66,0.0,6.55,1.27
Amador,2012-03,52.63,0.0,7.07,1.58
Amador,2012-04,58.12,0.0,7.66,2.29
Amador,2012-05,66.41,0.0,9.39,3.35
Amador,2012-06,71.04,0.0,9.92,4.06
Amador,2012-07,74.6,0.0,8.11,0.9
Amador,2012-08,76.16,0.0,7.47,0.67
Amador,2012-09,72.14,0.0,6.14,0.85
Amador,2012-10,64.2,0.0,5.43,0.51
Amador,2012-11,53.54,0.0,4.74,1.51
Amador,2012-12,46.29,0.0,7.13,2.25
Amador,2013-01,41.96,0.0,3.64,0.26
Amador,2013-02,47.08,0.0,5.32,1.29
Amador,2013-03,56.38,0.0,6.44,2.9
Amador,2013-04,63.28,0.0,9.4,5.98
Amador,2013-05,67.52,0.0,10.06,6.36
Amador,2013-06,72.98,0.0,8.86,3.44
Amador,2013-07,76.75,0.0,7.77,0.59
Amador,2013-08,73.88,0.0,7.81,1.12
Amador,2013-09,69.95,0.0,7.85,1.55
Amador,2013-10,58.86,0.0,4.91,1.02
Amador,2013-11,52.83,0.0,3.84,0.41
Amador,2013-12,42.55,0.0,3.89,0.63
Amador,2014-01,48.41,0.0,3.17,0.15
Amador,2014-02,52.1,0.0,6.09,1.62
Amador,2014-03,57.87,0.04,6.49,0.86
Amador,2014-04,61.47,0.03,7.18,1.92
Amador,2014-05,68.88,0.0,9.48,3.86
Amador,2014-06,73.62,0.01,9.25,2.71
Amador,2014-07,77.65,0.0,8.12,0.68
Amador,2014-08,75.05,0.0,7.67,0.67
Amador,2014-09,73.38,0.02,6.48,0.41
Amador,2014-10,67.11,0.0,4.92,0.24
Amador,2014-11,53.99,0.04,3.87,0.24
Amador,2014-12,51.62,0.21,6.74,1.68
Amador,2015-01,46.25,0.0,3.18,0.0
Amador,2015-02,52.81,0.05,4.85,1.23
Amador,2015-03,59.22,0.01,5.83,0.52
Amador,2015-04,61.65,0.04,8.3,2.56
Amador,2015-05,63.75,0.0,9.18,3.21
Amador,2015-06,75.85,0.01,7.82,1.34
Amador,2015-07,76.69,0.0,9.01,2.17
Amador,2015-08,75.99,0.0,7.65,0.97
Amador,2015-09,74.01,0.0,6.47,1.3
Amador,2015-10,68.98,0.01,5.56,0.69
Amador,2015-11,49.67,0.06,5.16,1.0
Amador,2015-12,45.56,0.08,6.18,1.48
Amador,2016-01,48.46,0.16,6.13,1.2
Amador,2016-02,52.56,0.02,5.31,0.95
Amador,2016-03,56.81,0.11,7.9,1.61
Amador,2016-04,62.4,0.09,8.28,2.54
Amador,2016-05,67.17,0.01,8.61,2.65
Amador,2016-06,75.25,0.0,9.0,1.95
Amador,2016-07,76.82,0.0,8.59,0.99
Amador,2016-08,74.18,0.0,7.66,0.17
Amador,2016-09,71.16,0.0,6.76,0.73
Amador,2016-10,63.0,0.08,5.97,0.56
Amador,2016-11,51.04,0.06,4.07,0.09
Amador,2016-12,45.18,0.07,6.18,1.57
Amador,2017-01,45.96,0.21,8.03,3.66
Amador,2017-02,52.72,0.18,9.0,3.31
Amador,2017-03,56.58,0.07,7.03,2.0
Amador,2017-04,59.56,0.06,8.46,2.63
Amador,2017-05,68.43,0.0,9.45,2.86
Amador,2017-06,75.82,0.0,9.39,1.92
Amador,2017-07,80.12,0.0,7.81,0.38
Amador,2017-08,73.6,0.0,7.19,0.52
Amador,2017-09,73.96,0.0,7.14,0.83
Amador,2017-10,63.6,0.0,6.03,0.98
Amador,2017-11,54.94,0.03,4.39,0.09
Amador,2017-12,45.53,0.0,4.14,0.93
Amador,2018-01,50.79,0.1,5.27,0.28
Amador,2018-02,50.74,0.03,6.63,1.11
Amador,2018-03,54.63,0.08,7.21,2.17
Amador,2018-04,60.74,0.06,8.15,1.92
Amador,2018-05,67.03,0.0,10.39,3.93
Amador,2018-06,74.77,0.0,9.33,2.02
Amador,2018-07,79.94,0.0,8.41,0.55
Amador,2018-08,75.06,0.0,7.41,0.24
Amador,2018-09,71.34,0.0,6.97,0.18
Amador,2018-10,65.21,0.04,6.13,1.07
Amador,2018-11,53.98,0.07,4.72,0.47
Amador,2018-12,48.43,0.08,5.33,0.84
Amador,2019-01,49.98,0.07,6.26,1.94
Amador,2019-02,48.63,0.17,9.72,3.39
Amador,2019-03,54.63,0.08,6.87,1.62
Amador,2019-04,63.53,0.02,7.24,2.32
Amador,2019-05,64.25,0.08,8.51,1.79
Amador,2019-06,76.54,0.0,8.77,2.09
Amador,2019-07,78.34,0.0,8.34,0.76
Amador,2019-08,79.03,0.0,7.76,0.54
Amador,2019-09,73.04,0.01,7.73,1.17
Amador,2019-10,62.88,0.0,5.97,1.36
Amador,2019-11,54.76,0.03,4.78,1.16
Amador,2019-12,50.51,0.11,6.47,0.94
Amador,2020-01,48.09,0.03,4.99,0.25
Amador,2020-02,52.99,0.0,6.37,1.49
Amador,2020-03,54.69,0.06,6.23,0.79
Amador,2020-04,62.49,0.03,7.87,1.43
Amador,2020-05,70.51,0.01,8.04,2.14
Amador,2020-06,76.03,0.0,9.91,3.91
Amador,2020-07,77.73,0.0,8.38,0.63
Amador,2020-08,81.22,0.0,7.95,0.95
Amador,2020-09,76.09,0.0,6.45,0.82
Amador,2020-10,68.6,0.0,5.04,0.47
Amador,2020-11,51.92,0.0,4.63,0.41
Amador,2020-12,47.5,0.06,5.24,0.09
Amador,2021-01,49.1,0.13,6.9,2.09
Amador,2021-02,52.75,0.03,7.12,1.19
Amador,2021-03,52.3,0.03,7.19,1.67
Amador,2021-04,58.97,0.0,8.41,1.86
Amador,2021-05,66.94,0.0,10.97,3.95
Amador,2021-06,72.83,0.0,9.87,1.85
Amador,2021-07,77.05,0.0,8.46,0.48
Amador,2021-08,74.76,0.0,7.63,0.39
Amador,2021-09,71.56,0.0,7.21,0.73
Amador,2021-10,60.45,0.12,6.19,1.94
Amador,2021-11,51.76,0.02,4.29,0.24
Amador,2021-12,46.51,0.13,7.05,1.43
Butte,2010-01,47.3,0.0,6.47,3.06
Butte,2010-02,50.96,0.0,6.04,1.67
Butte,2010-03,52.56,0.0,7.54,1.99
Butte,2010-04,54.82,0.0,8.36,3.41
Butte,2010-05,60.66,0.0,8.59,3.16
Butte,2010-06,71.98,0.0,9.37,2.91
Butte,2010-07,72.91,0.0,8.94,0.63
Butte,2010-08,70.39,0.0,8.83,1.18
Butte,2010-09,70.75,0.0,6.06,0.48
Butte,2010-10,63.27,0.0,6.84,1.19
Butte,2010-11,51.77,0.0,6.96,1.52
Butte,2010-12,49.6,0.0,6.4,2.14
Butte,2011-01,44.34,0.0,4.18,0.32
Butte,2011-02,47.08,0.0,8.47,4.5
Butte,2011-03,52.56,0.0,9.03,3.79
Butte,2011-04,57.31,0.0,8.75,3.15
Butte,2011-05,60.5,0.0,9.38,2.88
Butte,2011-06,68.59,0.0,7.77,1.48
Butte,2011-07,73.49,0.0,8.22,0.73
Butte,2011-08,72.72,0.0,7.18,0.2
Butte,2011-09,73.24,0.0,6.03,0.53
Butte,2011-10,63.04,0.0,5.07,0.47
Butte,2011-11,50.55,0.0,6.33,1.76
Butte,2011-12,44.62,0.0,5.69,1.81
Butte,2012-01,46.81,0.0,6.12,2.41
Butte,2012-02,50.67,0.0,7.51,2.69
Butte,2012-03,52.96,0.0,8.95,3.28
Butte,2012-04,59.76,0.0,7.1,1.49
Butte,2012-05,67.9,0.0,8.5,2.64
Butte,2012-06,72.26,0.0,9.31,2.81
Butte,2012-07,74.48,0.0,8.54,1.52
Butte,2012-08,75.63,0.0,7.69,0.84
Butte,2012-09,72.09,0.0,5.55,0.0
Butte,2012-10,64.08,0.0,6.18,0.87
Butte,2012-11,54.11,0.0,5.57,2.61
Butte,2012-12,47.51,0.0,7.37,2.73
Butte,2013-01,42.76,0.0,3.5,0.06
Butte,2013-02,48.37,0.0,6.21,1.33
Butte,2013-03,56.37,0.0,6.63,1.52
Butte,2013-04,63.09,0.0,9.23,5.32
Butte,2013-05,67.72,0.0,9.32,2.44
Butte,2013-06,73.54,0.0,8.03,1.08
Butte,2013-07,75.33,0.0,9.07,1.01
Butte,2013-08,73.22,0.0,8.5,0.28
Butte,2013-09,69.97,0.0,8.46,1.23
Butte,2013-10,60.78,0.0,5.89,1.94
Butte,2013-11,53.28,0.0,5.73,2.07
Butte,2013-12,42.7,0.0,4.65,1.31
Butte,2014-01,48.17,0.0,3.75,0.48
Butte,2014-02,52.68,0.0,7.51,2.61
Butte,2014-03,57.46,0.0,7.98,2.53
Butte,2014-04,61.02,0.05,6.6,1.23
Butte,2014-05,68.91,0.01,8.08,2.28
Butte,2014-06,73.6,0.0,8.75,1.78
Butte,2014-07,76.28,0.0,8.78,0.6
Butte,2014-08,73.43,0.0,8.57,0.85
Butte,2014-09,72.4,0.01,6.82,0.31
Butte,2014-10,65.73,0.01,5.67,1.24
Butte,2014-11,53.38,0.06,4.38,0.37
Butte,2014-12,51.59,0.26,7.43,2.25
Butte,2015-01,46.35,0.0,3.29,0.06
Butte,2015-02,53.29,0.09,5.9,2.0
Butte,2015-03,59.4,0.0,5.3,0.54
Butte,2015-04,60.66,0.05,8.11,2.66
Butte,2015-05,63.17,0.0,10.12,2.47
Butte,2015-06,75.11,0.0,8.3,0.91
Butte,2015-07,75.46,0.0,9.69,1.36
Butte,2015-08,74.49,0.0,8.32,0.52
Butte,2015-09,71.88,0.0,6.94,1.16
Butte,2015-10,67.87,0.0,5.97,0.7
Butte,2015-11,48.95,0.06,5.97,0.8
Butte,2015-12,46.13,0.04,7.11,2.32
Butte,2016-01,49.2,0.16,7.75,3.57
Butte,2016-02,52.62,0.03,5.61,1.14
Butte,2016-03,56.31,0.2,8.53,2.61
Butte,2016-04,62.07,0.02,8.67,2.68
Butte,2016-05,67.65,0.02,7.65,1.05
Butte,2016-06,74.32,0.0,8.4,0.57
Butte,2016-07,75.22,0.0,9.44,0.71
Butte,2016-08,72.6,0.0,8.91,0.2
Butte,2016-09,70.26,0.0,7.25,0.58
Butte,2016-10,61.85,0.08,7.2,1.03
Butte,2016-11,53.16,0.05,5.0,0.02
Butte,2016-12,43.93,0.09,6.06,1.26
Butte,2017-01,46.01,0.3,9.47,4.63
Butte,2017-02,51.93,0.23,9.64,3.89
Butte,2017-03,55.92,0.07,7.79,2.31
Butte,2017-04,58.53,0.1,8.36,1.8
Butte,2017-05,66.96,0.0,8.68,1.85
Butte,2017-06,74.33,0.01,8.36,0.61
Butte,2017-07,78.16,0.0,8.45,0.2
Butte,2017-08,76.11,0.0,8.7,0.23
Butte,2017-09,72.76,0.0,7.44,0.74
Butte,2017-10,62.54,0.01,6.92,2.3
Butte,2017-11,53.93,0.07,6.09,0.13
Butte,2017-12,44.38,0.0,5.11,1.76
Butte,2018-01,48.59,0.14,5.24,0.13
Butte,2018-02,48.48,0.01,7.18,2.14
Butte,2018-03,52.32,0.17,7.84,1.99
Butte,2018-04,58.76,0.06,7.61,1.39
Butte,2018-05,65.13,0.01,9.77,2.39
Butte,2018-06,72.53,0.0,9.07,0.96
Butte,2018-07,77.06,0.0,8.33,0.12
Butte,2018-08,72.95,0.0,8.02,0.34
Butte,2018-09,69.76,0.0,6.68,0.14
Butte,2018-10,63.73,0.05,6.59,1.12
Butte,2018-11,52.51,0.11,6.04,1.66
Butte,2018-12,47.31,0.07,6.8,0.96
Butte,2019-01,48.66,0.15,7.2,2.93
Butte,2019-02,47.02,0.28,10.43,4.53
Butte,2019-03,52.93,0.12,7.78,1.61
Butte,2019-04,61.93,0.01,8.51,1.65
Butte,2019-05,62.13,0.08,9.15,1.5
Butte,2019-06,73.97,0.0,8.46,1.75
Butte,2019-07,75.38,0.0,8.64,0.4
Butte,2019-09,70.69,0.01,7.41,0.46
Butte,2019-10,61.14,0.0,7.13,3.05
Butte,2019-11,53.81,0.01,4.86,1.84
Butte,2019-12,48.9,0.18,6.21,0.87
Butte,2020-01,47.64,0.04,6.32,0.12
Butte,2020-02,52.31,0.0,7.11,2.22
Butte,2020-03,52.99,0.05,7.84,1.55
Butte,2020-04,60.9,0.03,7.81,1.13
Butte,2020-05,68.71,0.01,8.28,1.21
Butte,2020-06,74.13,0.0,9.0,2.05
Butte,2020-07,75.27,0.0,9.02,0.35
Butte,2020-08,78.33,0.0,7.53,0.46
Butte,2020-09,74.01,0.0,6.67,0.98
Butte,2020-10,66.68,0.0,5.48,0.99
Butte,2020-11,51.31,0.02,5.42,0.68
Butte,2020-12,46.55,0.04,5.75,0.66
Butte,2021-01,48.19,0.08,7.55,3.44
Butte,2021-02,51.59,0.03,7.32,1.88
Butte,2021-03,53.07,0.05,8.03,2.0
Butte,2021-04,61.49,0.0,8.11,0.87
Butte,2021-05,69.05,0.0,10.03,4.48
Butte,2021-06,74.39,0.0,9.5,0.99
Butte,2021-07,76.75,0.0,9.34,0.33
Butte,2021-08,75.15,0.0,7.67,0.41
Butte,2021-09,72.87,0.0,7.23,0.92
Butte,2021-10,61.67,0.16,7.81,2.8
Butte,2021-11,52.98,0.02,4.41,0.81
Butte,2021-12,45.59,0.19,6.99,2.57
Calaveras,2010-01,46.8,0.0,6.4,2.01
Calaveras,2010-02,51.02,0.0,5.97,1.03
Calaveras,2010-03,52.83,0.0,6.67,1.35
Calaveras,2010-04,55.07,0.0,7.3,2.88
Calaveras,2010-05,61.45,0.0,9.41,4.79
Calaveras,2010-06,72.3,0.0,9.62,5.56
Calaveras,2010-07,73.98,0.0,7.73,0.85
Calaveras,2010-08,71.18,0.0,7.41,1.19
Calaveras,2010-09,71.15,0.0,6.55,1.13
Calaveras,2010-10,63.92,0.0,5.8,0.78
Calaveras,2010-11,50.01,0.0,4.98,0.46
Calaveras,2010-12,49.44,0.0,6.28,2.72
Calaveras,2011-01,43.97,0.0,3.99,0.5
Calaveras,2011-02,47.16,0.0,6.58,2.35
Calaveras,2011-03,53.14,0.0,8.06,3.58
Calaveras,2011-04,57.79,0.0,8.89,3.26
Calaveras,2011-05,60.7,0.0,9.55,4.28
Calaveras,2011-06,69.02,0.0,8.16,1.84
Calaveras,2011-07,74.19,0.0,8.23,1.14
Calaveras,2011-08,74.2,0.0,7.26,0.56
Calaveras,2011-09,73.91,0.0,6.35,0.62
Calaveras,2011-10,63.3,0.0,4.75,0.48
Calaveras,2011-11,49.76,0.0,5.34,0.98
Calaveras,2011-12,41.68,0.0,3.79,0.79
Calaveras,2012-01,45.28,0.0,5.21,1.48
Calaveras,2012-02,49.66,0.0,6.55,1.27
Calaveras,2012-03,52.63,0.0,7.07,1.58
Calaveras,2012-04,58.12,0.0,7.66,2.29
Calaveras,2012-05,66.41,0.0,9.39,3.35
Calaveras,2012-06,71.04,0.0,9.92,4.06
Calaveras,2012-07,74.6,0.0,8.11,0.9
Calaveras,2012-08,76.16,0.0,7.47,0.67
Calaveras,2012-09,72.14,0.0,6.14,0.85
Calaveras,2012-10,64.2,0.0,5.43,0.51
Calaveras,2012-11,53.54,0.0,4.74,1.51
Calaveras,2012-12,46.29,0.0,7.13,2.25
Calaveras,2013-01,41.96,0.0,3.64,0.26
Calaveras,2013-02,47.08,0.0,5.32,1.29
Calaveras,2013-03,56.38,0.0,6.44,2.9
Calaveras,2013-04,63.28,0.0,9.4,5.98
Calaveras,2013-05,67.52,0.0,10.06,6.36
Calaveras,2013-06,72.98,0.0,8.86,3.44
Calaveras,2013-07,76.75,0.0,7.77,0.59
Calaveras,2013-08,73.88,0.0,7.81,1.12
Calaveras,2013-09,69.95,0.0,7.85,1.55
Calaveras,2013-10,58.86,0.0,4.91,1.02
Calaveras,2013-11,52.83,0.0,3.84,0.41
Calaveras,2013-12,42.55,0.0,3.89,0.63
Calaveras,2014-01,48.41,0.0,3.17,0.15
Calaveras,2014-02,52.1,0.0,6.09,1.62
Calaveras,2014-03,57.87,0.04,6.49,0.86
Calaveras,2014-04,61.47,0.03,7.18,1.92
Calaveras,2014-05,68.88,0.0,9.48,3.86
Calaveras,2014-06,73.62,0.01,9.25,2.71
Calaveras,2014-07,77.65,0.0,8.12,0.68
Calaveras,2014-08,75.05,0.0,7.67,0.67
Calaveras,2014-09,73.38,0.02,6.48,0.41
Calaveras,2014-10,67.11,0.0,4.92,0.24
Calaveras,2014-11,53.99,0.04,3.87,0.24
Calaveras,2014-12,51.62,0.21,6.74,1.68
Calaveras,2015-01,46.25,0.0,3.18,0.0
Calaveras,2015-02,52.81,0.05,4.85,1.23
Calaveras,2015-03,59.22,0.01,5.83,0.52
Calaveras,2015-04,61.65,0.04,8.3,2.56
Calaveras,2015-05,63.75,0.0,9.18,3.21
Calaveras,2015-06,75.85,0.01,7.82,1.34
Calaveras,2015-07,76.69,0.0,9.01,2.17
Calaveras,2015-08,75.99,0.0,7.65,0.97
Calaveras,2015-09,74.01,0.0,6.47,1.3
Calaveras,2015-10,68.98,0.01,5.56,0.69
Calaveras,2015-11,49.67,0.06,5.16,1.0
Calaveras,2015-12,45.56,0.08,6.18,1.48
Calaveras,2016-01,48.46,0.16,6.13,1.2
Calaveras,2016-02,52.56,0.02,5.31,0.95
Calaveras,2016-03,56.81,0.11,7.9,1.61
Calaveras,2016-04,62.4,0.09,8.28,2.54
Calaveras,2016-05,67.17,0.01,8.61,2.65
Calaveras,2016-06,75.25,0.0,9.0,1.95
Calaveras,2016-07,76.82,0.0,8.59,0.99
Calaveras,2016-08,74.18,0.0,7.66,0.17
Calaveras,2016-09,71.16,0.0,6.76,0.73
Calaveras,2016-10,63.0,0.08,5.97,0.56
Calaveras,2016-11,51.04,0.06,4.07,0.09
Calaveras,2016-12,45.18,0.07,6.18,1.57
Calaveras,2017-01,45.96,0.21,8.03,3.66
Calaveras,2017-02,52.72,0.18,9.0,3.31
Calaveras,2017-03,56.58,0.07,7.03,2.0
Calaveras,2017-04,59.56,0.06,8.46,2.63
Calaveras,2017-05,68.43,0.0,9.45,2.86
Calaveras,2017-06,75.82,0.0,9.39,1.92
Calaveras,2017-07,80.12,0.0,7.81,0.38
Calaveras,2017-08,73.6,0.0,7.19,0.52
Calaveras,2017-09,73.96,0.0,7.14,0.83
Calaveras,2017-10,63.6,0.0,6.03,0.98
Calaveras,2017-11,54.94,0.03,4.39,0.09
Calaveras,2017-12,45.53,0.0,4.14,0.93
Calaveras,2018-01,50.79,0.1,5.27,0.28
Calaveras,2018-02,50.74,0.03,6.63,1.11
Calaveras,2018-03,54.63,0.08,7.21,2.17
Calaveras,2018-04,60.74,0.06,8.15,1.92
Calaveras,2018-05,67.03,0.0,10.39,3.93
Calaveras,2018-06,74.77,0.0,9.33,2.02
Calaveras,2018-07,79.94,0.0,8.41,0.55
Calaveras,2018-08,75.06,0.0,7.41,0.24
Calaveras,2018-09,71.34,0.0,6.97,0.18
Calaveras,2018-10,65.21,0.04,6.13,1.07
Calaveras,2018-11,53.98,0.07,4.72,0.47
Calaveras,2018-12,48.43,0.08,5.33,0.84
Calaveras,2019-01,49.98,0.07,6.26,1.94
Calaveras,2019-02,48.63,0.17,9.72,3.39
Calaveras,2019-03,54.63,0.08,6.87,1.62
Calaveras,2019-04,63.53,0.02,7.24,2.32
Calaveras,2019-05,64.25,0.08,8.51,1.79
Calaveras,2019-06,76.54,0.0,8.77,2.09
Calaveras,2019-07,78.34,0.0,8.34,0.76
Calaveras,2019-08,79.03,0.0,7.76,0.54
Calaveras,2019-09,73.04,0.01,7.73,1.17
Calaveras,2019-10,62.88,0.0,5.97,1.36
Calaveras,2019-11,54.76,0.03,4.78,1.16
Calaveras,2019-12,50.51,0.11,6.47,0.94
Calaveras,2020-01,48.09,0.03,4.99,0.25
Calaveras,2020-02,52.99,0.0,6.37,1.49
Calaveras,2020-03,54.69,0.06,6.23,0.79
Calaveras,2020-04,62.49,0.03,7.87,1.43
Calaveras,2020-05,70.51,0.01,8.04,2.14
Calaveras,2020-06,76.03,0.0,9.91,3.91
Calaveras,2020-07,77.73,0.0,8.38,0.63
Calaveras,2020-08,81.22,0.0,7.95,0.95
Calaveras,2020-09,76.09,0.0,6.45,0.82
Calaveras,2020-10,68.6,0.0,5.04,0.47
Calaveras,2020-11,51.92,0.0,4.63,0.41
Calaveras,2020-12,47.5,0.06,5.24,0.09
Calaveras,2021-01,49.1,0.13,6.9,2.09
Calaveras,2021-02,52.75,0.03,7.12,1.19
Calaveras,2021-03,52.3,0.03,7.19,1.67
Calaveras,2021-04,58.97,0.0,8.41,1.86
Calaveras,2021-05,66.94,0.0,10.97,3.95
Calaveras,2021-06,72.83,0.0,9.87,1.85
Calaveras,2021-07,77.05,0.0,8.46,0.48
Calaveras,2021-08,74.76,0.0,7.63,0.39
Calaveras,2021-09,71.56,0.0,7.21,0.73
Calaveras,2021-10,60.45,0.12,6.19,1.94
Calaveras,2021-11,51.76,0.02,4.29,0.24
Calaveras,2021-12,46.51,0.13,7.05,1.43
Colusa,2010-01,47.3,0.0,6.47,3.06
Colusa,2010-02,50.96,0.0,6.04,1.67
Colusa,2010-03,52.56,0.0,7.54,1.99
Colusa,2010-04,54.82,0.0,8.36,3.41
Colusa,2010-05,60.66,0.0,8.59,3.16
Colusa,2010-06,71.98,0.0,9.37,2.91
Colusa,2010-07,72.91,0.0,8.94,0.63
Colusa,2010-08,70.39,0.0,8.83,1.18
Colusa,2010-09,70.75,0.0,6.06,0.48
Colusa,2010-10,63.27,0.0,6.84,1.19
Colusa,2010-11,51.77,0.0,6.96,1.52
Colusa,2010-12,49.6,0.0,6.4,2.14
Colusa,2011-01,44.34,0.0,4.18,0.32
Colusa,2011-02,47.08,0.0,8.47,4.5
Colusa,2011-03,52.56,0.0,9.03,3.79
Colusa,2011-04,57.31,0.0,8.75,3.15
Colusa,2011-05,60.5,0.0,9.38,2.88
Colusa,2011-06,68.59,0.0,7.77,1.48
Colusa,2011-07,73.49,0.0,8.22,0.73
Colusa,2011-08,72.72,0.0,7.18,0.2
Colusa,2011-09,73.24,0.0,6.03,0.53
Colusa,2011-10,63.04,0.0,5.07,0.47
Colusa,2011-11,50.55,0.0,6.33,1.76
Colusa,2011-12,44.62,0.0,5.69,1.81
Colusa,2012-01,46.81,0.0,6.12,2.41
Colusa,2012-02,50.67,0.0,7.51,2.69
Colusa,2012-03,52.96,0.0,8.95,3.28
Colusa,2012-04,59.76,0.0,7.1,1.49
Colusa,2012-05,67.9,0.0,8.5,2.64
Colusa,2012-06,72.26,0.0,9.31,2.81
Colusa,2012-07,74.48,0.0,8.54,1.52
Colusa,2012-08,75.63,0.0,7.69,0.84
Colusa,2012-09,72.09,0.0,5.55,0.0
Colusa,2012-10,64.08,0.0,6.18,0.87
Colusa,2012-11,54.11,0.0,5.57,2.61
Colusa,2012-12,47.51,0.0,7.37,2.73
Colusa,2013-01,42.76,0.0,3.5,0.06
Colusa,2013-02,48.37,0.0,6.21,1.33
Colusa,2013-03,56.37,0.0,6.63,1.52
Colusa,2013-04,63.09,0.0,9.23,5.32
Colusa,2013-05,67.72,0.0,9.32,2.44
Colusa,2013-06,73.54,0.0,8.03,1.08
Colusa,2013-07,75.33,0.0,9.07,1.01
Colusa,2013-08,73.22,0.0,8.5,0.28
Colusa,2013-09,69.97,0.0,8.46,1.23
Colusa,2013-10,60.78,0.0,5.89,1.94
Colusa,2013-11,53.28,0.0,5.73,2.07
Colusa,2013-12,42.7,0.0,4.65,1.31
Colusa,2014-01,48.17,0.0,3.75,0.48
Colusa,2014-02,52.68,0.0,7.51,2.61
Colusa,2014-03,57.46,0.0,7.98,2.53
Colusa,2014-04,61.02,0.05,6.6,1.23
Colusa,2014-05,68.91,0.01,8.08,2.28
Colusa,2014-06,73.6,0.0,8.75,1.78
Colusa,2014-07,76.28,0.0,8.78,0.6
Colusa,2014-08,73.43,0.0,8.57,0.85
Colusa,2014-09,72.4,0.01,6.82,0.31
Colusa,2014-10,65.73,0.01,5.67,1.24
Colusa,2014-11,53.38,0.06,4.38,0.37
Colusa,2014-12,51.59,0.26,7.43,2.25
Colusa,2015-01,46.35,0.0,3.29,0.06
Colusa,2015-02,53.29,0.09,5.9,2.0
Colusa,2015-03,59.4,0.0,5.3,0.54
Colusa,2015-04,60.66,0.05,8.11,2.66
Colusa,2015-05,63.17,0.0,10.12,2.47
Colusa,2015-06,75.11,0.0,8.3,0.91
Colusa,2015-07,75.46,0.0,9.69,1.36
Colusa,2015-08,74.49,0.0,8.32,0.52
Colusa,2015-09,71.88,0.0,6.94,1.16
Colusa,2015-10,67.87,0.0,5.97,0.7
Colusa,2015-11,48.95,0.06,5.97,0.8
Colusa,2015-12,46.13,0.04,7.11,2.32
Colusa,2016-01,49.2,0.16,7.75,3.57
Colusa,2016-02,52.62,0.03,5.61,1.14
Colusa,2016-03,56.31,0.2,8.53,2.61
Colusa,2016-04,62.07,0.02,8.67,2.68
Colusa,2016-05,67.65,0.02,7.65,1.05
Colusa,2016-06,74.32,0.0,8.4,0.57
Colusa,2016-07,75.22,0.0,9.44,0.71
Colusa,2016-08,72.6,0.0,8.91,0.2
Colusa,2016-09,70.26,0.0,7.25,0.58
Colusa,2016-10,61.85,0.08,7.2,1.03
Colusa,2016-11,53.16,0.05,5.0,0.02
Colusa,2016-12,43.93,0.09,6.06,1.26
Colusa,2017-01,46.01,0.3,9.47,4.63
Colusa,2017-02,51.93,0.23,9.64,3.89
Colusa,2017-03,55.92,0.07,7.79,2.31
Colusa,2017-04,58.53,0.1,8.36,1.8
Colusa,2017-05,66.96,0.0,8.68,1.85
Colusa,2017-06,74.33,0.01,8.36,0.61
Colusa,2017-07,78.16,0.0,8.45,0.2
Colusa,2017-08,76.11,0.0,8.7,0.23
Colusa,2017-09,72.76,0.0,7.44,0.74
Colusa,2017-10,62.54,0.01,6.92,2.3
Colusa,2017-11,53.93,0.07,6.09,0.13
Colusa,2017-12,44.38,0.0,5.11,1.76
Colusa,2018-01,48.59,0.14,5.24,0.13
Colusa,2018-02,48.48,0.01,7.18,2.14
Colusa,2018-03,52.32,0.17,7.84,1.99
Colusa,2018-04,58.76,0.06,7.61,1.39
Colusa,2018-05,65.13,0.01,9.77,2.39
Colusa,2018-06,72.53,0.0,9.07,0.96
Colusa,2018-07,77.06,0.0,8.33,0.12
Colusa,2018-08,72.95,0.0,8.02,0.34
Colusa,2018-09,69.76,0.0,6.68,0.14
Colusa,2018-10,63.73,0.05,6.59,1.12
Colusa,2018-11,52.51,0.11,6.04,1.66
Colusa,2018-12,47.31,0.07,6.8,0.96
Colusa,2019-01,48.66,0.15,7.2,2.93
Colusa,2019-02,47.02,0.28,10.43,4.53
Colusa,2019-03,52.93,0.12,7.78,1.61
Colusa,2019-04,61.93,0.01,8.51,1.65
Colusa,2019-05,62.13,0.08,9.15,1.5
Colusa,2019-06,73.97,0.0,8.46,1.75
Colusa,2019-07,75.38,0.0,8.64,0.4
Colusa,2019-08,76.73,0.0,7.76,0.31
Colusa,2019-09,70.69,0.01,7.41,0.46
Colusa,2019-10,61.14,0.0,7.13,3.05
Colusa,2019-11,53.81,0.01,4.86,1.84
Colusa,2019-12,48.9,0.18,6.21,0.87
Colusa,2020-01,47.64,0.04,6.32,0.12
Colusa,2020-02,52.31,0.0,7.11,2.22
Colusa,2020-03,52.99,0.05,7.84,1.55
Colusa,2020-04,60.9,0.03,7.81,1.13
Colusa,2020-05,68.71,0.01,8.28,1.21
Colusa,2020-06,74.13,0.0,9.0,2.05
Colusa,2020-07,75.27,0.0,9.02,0.35
Colusa,2020-08,78.33,0.0,7.53,0.46
Colusa,2020-09,74.01,0.0,6.67,0.98
Colusa,2020-10,66.68,0.0,5.48,0.99
Colusa,2020-11,51.31,0.02,5.42,0.68
Colusa,2020-12,46.55,0.04,5.75,0.66
Colusa,2021-01,48.19,0.08,7.55,3.44
Colusa,2021-02,51.59,0.03,7.32,1.88
Colusa,2021-03,53.07,0.05,8.03,2.0
Colusa,2021-04,61.49,0.0,8.11,0.87
Colusa,2021-05,69.05,0.0,10.03,4.48
Colusa,2021-06,74.39,0.0,9.5,0.99
Colusa,2021-07,76.75,0.0,9.34,0.33
Colusa,2021-08,75.15,0.0,7.67,0.41
Colusa,2021-09,72.87,0.0,7.23,0.92
Colusa,2021-10,61.67,0.16,7.81,2.8
Colusa,2021-11,52.98,0.02,4.41,0.81
Colusa,2021-12,45.59,0.19,6.99,2.57
Contra Costa,2010-01,49.87,0.0,7.07,1.73
Contra Costa,2010-02,52.36,0.0,6.79,1.41
Contra Costa,2010-03,53.44,0.0,8.4,1.39
Contra Costa,2010-04,54.24,0.0,9.77,2.51
Contra Costa,2010-05,56.36,0.0,9.84,1.06
Contra Costa,2010-06,61.92,0.0,9.92,0.97
Contra Costa,2010-07,61.69,0.0,9.59,0.4
Contra Costa,2010-08,62.49,0.0,9.61,0.69
Contra Costa,2010-09,66.55,0.0,7.43,0.3
Contra Costa,2010-10,63.63,0.0,6.68,0.38
Contra Costa,2010-11,54.7,0.0,6.56,0.71
Contra Costa,2010-12,51.76,0.0,6.76,1.49
Contra Costa,2011-01,49.37,0.0,4.59,0.07
Contra Costa,2011-02,49.98,0.0,8.43,2.77
Contra Costa,2011-03,53.31,0.0,9.58,2.65
Contra Costa,2011-04,55.17,0.0,10.21,1.49
Contra Costa,2011-05,56.32,0.0,11.59,1.65
Contra Costa,2011-06,58.97,0.0,9.05,0.59
Contra Costa,2011-07,60.86,0.0,9.45,0.46
Contra Costa,2011-08,59.66,0.0,8.51,0.29
Contra Costa,2011-09,62.64,0.0,7.21,0.19
Contra Costa,2011-10,63.26,0.0,6.04,0.49
Contra Costa,2011-11,55.74,0.0,6.4,0.9
Contra Costa,2011-12,47.95,0.0,4.4,1.24
Contra Costa,2012-01,48.5,0.0,5.52,1.08
Contra Costa,2012-02,51.14,0.0,7.26,1.07
Contra Costa,2012-03,51.94,0.0,9.81,2.63
Contra Costa,2012-04,55.55,0.0,9.25,1.64
Contra Costa,2012-05,57.38,0.0,9.57,0.79
Contra Costa,2012-06,59.7,0.0,10.02,0.99
Contra Costa,2012-07,60.19,0.0,9.59,0.73
Contra Costa,2012-08,60.66,0.0,9.15,0.7
Contra Costa,2012-09,58.61,0.0,7.68,0.15
Contra Costa,2012-10,61.2,0.0,6.4,0.41
Contra Costa,2012-11,57.6,0.0,6.5,0.61
Contra Costa,2012-12,52.09,0.0,7.46,1.74
Contra Costa,2013-01,48.42,0.0,4.36,0.32
Contra Costa,2013-02,51.31,0.0,6.04,0.54
Contra Costa,2013-03,55.53,0.0,7.27,0.65
Contra Costa,2013-04,60.01,0.0,8.95,2.01
Contra Costa,2013-05,60.83,0.0,9.89,0.7
Contra Costa,2013-06,62.74,0.0,9.32,0.65
Contra Costa,2013-07,62.53,0.0,9.47,0.96
Contra Costa,2013-08,62.73,0.0,8.71,0.38
Contra Costa,2013-09,64.8,0.0,9.17,0.68
Contra Costa,2013-10,58.85,0.0,6.31,0.87
Contra Costa,2013-11,55.15,0.0,5.05,1.02
Contra Costa,2013-12,46.77,0.0,4.09,0.39
Contra Costa,2014-01,51.69,0.0,3.78,0.2
Contra Costa,2014-02,53.25,0.0,6.9,0.82
Contra Costa,2014-03,58.06,0.05,8.19,1.44
Contra Costa,2014-04,58.16,0.07,8.53,1.44
Contra Costa,2014-05,62.09,0.0,10.52,0.77
Contra Costa,2014-06,61.42,0.0,9.76,1.0
Contra Costa,2014-07,64.37,0.0,9.85,0.41
Contra Costa,2014-08,65.04,0.0,9.02,0.56
Contra Costa,2014-09,65.39,0.01,7.99,0.38
Contra Costa,2014-10,63.18,0.01,6.32,0.3
Contra Costa,2014-11,56.63,0.06,4.7,0.12
Contra Costa,2014-12,54.33,0.3,6.86,2.19
Contra Costa,2015-01,50.78,0.0,3.49,0.19
Contra Costa,2015-02,55.89,0.07,6.29,2.28
Contra Costa,2015-03,57.75,0.01,6.34,0.0
Contra Costa,2015-04,56.84,0.03,9.77,0.91
Contra Costa,2015-05,56.47,0.0,10.99,0.73
Contra Costa,2015-06,61.53,0.01,9.11,0.79
Contra Costa,2015-07,65.55,0.0,10.39,0.69
Contra Costa,2015-08,67.13,0.0,9.51,0.15
Contra Costa,2015-09,66.1,0.0,7.73,0.46
Contra Costa,2015-10,63.82,0.0,6.15,0.23
Contra Costa,2015-11,53.05,0.03,6.53,1.14
Contra Costa,2015-12,49.51,0.02,7.46,1.4
Contra Costa,2016-01,52.82,0.01,7.62,1.27
Contra Costa,2016-02,56.19,0.0,6.1,0.72
Contra Costa,2016-03,57.38,0.01,9.83,1.42
Contra Costa,2016-04,60.54,0.0,9.59,0.79
Contra Costa,2016-05,60.79,0.0,10.12,0.46
Contra Costa,2016-06,63.38,0.0,10.62,0.64
Contra Costa,2016-07,62.49,0.0,10.02,0.23
Contra Costa,2016-08,62.47,0.0,10.02,0.16
Contra Costa,2016-09,64.11,0.0,8.65,0.2
Contra Costa,2016-10,62.85,0.0,7.87,0.54
Contra Costa,2016-11,57.67,0.04,6.16,0.42
Contra Costa,2016-12,50.74,0.13,6.29,0.4
Contra Costa,2017-01,50.31,0.24,8.73,2.43
Contra Costa,2017-02,54.73,0.26,9.32,1.94
Contra Costa,2017-03,57.15,0.09,8.57,0.97
Contra Costa,2017-04,59.16,0.08,9.74,0.99
Contra Costa,2017-05,61.12,0.0,11.18,0.96
Contra Costa,2017-06,63.9,0.0,10.6,0.58
Contra Costa,2017-07,63.41,0.0,9.1,0.38
Contra Costa,2017-08,63.28,0.0,9.47,0.17
Contra Costa,2017-09,66.8,0.0,8.13,0.32
Contra Costa,2017-10,60.7,0.0,6.28,0.35
Contra Costa,2017-11,55.69,0.1,5.87,0.1
Contra Costa,2017-12,49.03,0.0,4.83,0.71
Contra Costa,2018-01,51.64,0.15,5.18,0.11
Contra Costa,2018-02,51.73,0.01,7.63,1.3
Contra Costa,2018-03,53.13,0.12,8.54,0.71
Contra Costa,2018-04,55.96,0.1,9.51,0.54
Contra Costa,2018-05,57.63,0.0,11.6,1.0
Contra Costa,2018-06,60.64,0.0,10.15,0.36
Contra Costa,2018-07,61.91,0.0,10.13,0.24
Contra Costa,2018-08,61.65,0.0,9.52,0.09
Contra Costa,2018-09,60.64,0.0,8.13,0.12
Contra Costa,2018-10,61.34,0.0,6.55,0.23
Contra Costa,2018-11,55.6,0.1,5.52,0.77
Contra Costa,2018-12,52.0,0.06,6.27,1.03
Contra Costa,2019-01,53.05,0.12,6.99,1.52
Contra Costa,2019-02,50.17,0.22,10.87,2.99
Contra Costa,2019-03,54.59,0.12,8.65,0.75
Contra Costa,2019-04,59.43,0.02,9.28,0.71
Contra Costa,2019-05,58.7,0.06,11.59,1.17
Contra Costa,2019-06,64.68,0.0,9.77,0.6
Contra Costa,2019-07,64.17,0.0,9.66,0.23
Contra Costa,2019-08,67.12,0.0,9.11,0.23
Contra Costa,2019-09,66.84,0.01,8.78,0.36
Contra Costa,2019-10,61.43,0.0,6.15,0.88
Contra Costa,2019-11,54.5,0.03,5.64,0.81
Contra Costa,2019-12,53.26,0.1,7.2,1.02
Contra Costa,2020-01,51.75,0.06,5.66,0.3
Contra Costa,2020-02,55.27,0.0,6.61,1.34
Contra Costa,2020-03,55.62,0.05,8.06,0.83
Contra Costa,2020-04,58.67,0.03,9.18,0.13
Contra Costa,2020-05,63.77,0.01,9.92,0.36
Contra Costa,2020-06,65.14,0.0,10.77,1.07
Contra Costa,2020-07,64.18,0.0,9.84,0.41
Contra Costa,2020-08,67.57,0.0,8.98,0.53
Contra Costa,2020-09,68.18,0.0,6.64,0.06
Contra Costa,2020-10,66.25,0.0,5.92,0.52
Contra Costa,2020-11,55.91,0.01,5.73,0.4
Contra Costa,2020-12,52.69,0.03,5.24,0.14
Contra Costa,2021-01,53.53,0.08,6.73,2.46
Contra Costa,2021-02,55.55,0.06,7.08,0.54
Contra Costa,2021-03,54.57,0.05,9.15,1.44
Contra Costa,2021-04,54.95,0.0,10.61,0.26
Contra Costa,2021-05,58.04,0.0,11.05,0.59
Contra Costa,2021-06,62.3,0.0,11.3,0.32
Contra Costa,2021-07,61.78,0.0,10.67,0.28
Contra Costa,2021-08,63.9,0.0,9.03,0.17
Contra Costa,2021-09,63.94,0.0,8.14,0.2
Contra Costa,2021-10,61.46,0.17,8.69,1.33
Contra Costa,2021-11,56.52,0.03,4.82,0.45
Contra Costa,2021-12,49.53,0.29,8.06,0.72
Del Norte,2010-01,49.87,0.0,7.07,1.73
Del Norte,2010-02,52.36,0.0,6.79,1.41
Del Norte,2010-03,53.44,0.0,8.4,1.39
Del Norte,2010-04,54.24,0.0,9.77,2.51
Del Norte,2010-05,56.36,0.0,9.84,1.06
Del Norte,2010-06,61.92,0.0,9.92,0.97
Del Norte,2010-07,61.69,0.0,9.59,0.4
Del Norte,2010-08,62.49,0.0,9.61,0.69
Del Norte,2010-09,66.55,0.0,7.43,0.3
Del Norte,2010-10,63.63,0.0,6.68,0.38
Del Norte,2010-11,54.7,0.0,6.56,0.71
Del Norte,2010-12,51.76,0.0,6.76,1.49
Del Norte,2011-01,49.37,0.0,4.59,0.07
Del Norte,2011-02,49.98,0.0,8.43,2.77
Del Norte,2011-03,53.31,0.0,9.58,2.65
Del Norte,2011-04,55.17,0.0,10.21,1.49
Del Norte,2011-05,56.32,0.0,11.59,1.65
Del Norte,2011-06,58.97,0.0,9.05,0.59
Del Norte,2011-07,60.86,0.0,9.45,0.46
Del Norte,2011-08,59.66,0.0,8.51,0.29
Del Norte,2011-09,62.64,0.0,7.21,0.19
Del Norte,2011-10,63.26,0.0,6.04,0.49
Del Norte,2011-11,55.74,0.0,6.4,0.9
Del Norte,2011-12,47.95,0.0,4.4,1.24
Del Norte,2012-01,48.5,0.0,5.52,1.08
Del Norte,2012-02,51.14,0.0,7.26,1.07
Del Norte,2012-03,51.94,0.0,9.81,2.63
Del Norte,2012-04,55.55,0.0,9.25,1.64
Del Norte,2012-05,57.38,0.0,9.57,0.79
Del Norte,2012-06,59.7,0.0,10.02,0.99
Del Norte,2012-07,60.19,0.0,9.59,0.73
Del Norte,2012-08,60.66,0.0,9.15,0.7
Del Norte,2012-09,58.61,0.0,7.68,0.15
Del Norte,2012-10,61.2,0.0,6.4,0.41
Del Norte,2012-11,57.6,0.0,6.5,0.61
Del Norte,2012-12,52.09,0.0,7.46,1.74
Del Norte,2013-01,48.42,0.0,4.36,0.32
Del Norte,2013-02,51.31,0.0,6.04,0.54
Del Norte,2013-03,55.53,0.0,7.27,0.65
Del Norte,2013-04,60.01,0.0,8.95,2.01
Del Norte,2013-05,60.83,0.0,9.89,0.7
Del Norte,2013-06,62.74,0.0,9.32,0.65
Del Norte,2013-07,62.53,0.0,9.47,0.96
Del Norte,2013-08,62.73,0.0,8.71,0.38
Del Norte,2013-09,64.8,0.0,9.17,0.68
Del Norte,2013-10,58.85,0.0,6.31,0.87
Del Norte,2013-11,55.15,0.0,5.05,1.02
Del Norte,2013-12,46.77,0.0,4.09,0.39
Del Norte,2014-01,51.69,0.0,3.78,0.2
Del Norte,2014-02,53.25,0.0,6.9,0.82
Del Norte,2014-03,58.06,0.05,8.19,1.44
Del Norte,2014-04,58.16,0.07,8.53,1.44
Del Norte,2014-05,62.09,0.0,10.52,0.77
Del Norte,2014-06,61.42,0.0,9.76,1.0
Del Norte,2014-07,64.37,0.0,9.85,0.41
Del Norte,2014-08,65.04,0.0,9.02,0.56
Del Norte,2014-09,65.39,0.01,7.99,0.38
Del Norte,2014-10,63.18,0.01,6.32,0.3
Del Norte,2014-11,56.63,0.06,4.7,0.12
Del Norte,2014-12,54.33,0.3,6.86,2.19
Del Norte,2015-01,50.78,0.0,3.49,0.19
Del Norte,2015-02,55.89,0.07,6.29,2.28
Del Norte,2015-03,57.75,0.01,6.34,0.0
Del Norte,2015-04,56.84,0.03,9.77,0.91
Del Norte,2015-05,56.47,0.0,10.99,0.73
Del Norte,2015-06,61.53,0.01,9.11,0.79
Del Norte,2015-07,65.55,0.0,10.39,0.69
Del Norte,2015-08,67.13,0.0,9.51,0.15
Del Norte,2015-09,66.1,0.0,7.73,0.46
Del Norte,2015-10,63.82,0.0,6.15,0.23
Del Norte,2015-11,53.05,0.03,6.53,1.14
Del Norte,2015-12,49.51,0.02,7.46,1.4
Del Norte,2016-01,52.82,0.01,7.62,1.27
Del Norte,2016-02,56.19,0.0,6.1,0.72
Del Norte,2016-03,57.38,0.01,9.83,1.42
Del Norte,2016-04,60.54,0.0,9.59,0.79
Del Norte,2016-05,60.79,0.0,10.12,0.46
Del Norte,2016-06,63.38,0.0,10.62,0.64
Del Norte,2016-07,62.49,0.0,10.02,0.23
Del Norte,2016-08,62.47,0.0,10.02,0.16
Del Norte,2016-09,64.11,0.0,8.65,0.2
Del Norte,2016-10,62.85,0.0,7.87,0.54
Del Norte,2016-11,57.67,0.04,6.16,0.42
Del Norte,2016-12,50.74,0.13,6.29,0.4
Del Norte,2017-01,50.31,0.24,8.73,2.43
Del Norte,2017-02,54.73,0.26,9.32,1.94
Del Norte,2017-03,57.15,0.09,8.57,0.97
Del Norte,2017-04,59.16,0.08,9.74,0.99
Del Norte,2017-05,61.12,0.0,11.18,0.96
Del Norte,2017-06,63.9,0.0,10.6,0.58
Del Norte,2017-07,63.41,0.0,9.1,0.38
Del Norte,2017-08,63.28,0.0,9.47,0.17
Del Norte,2017-09,66.8,0.0,8.13,0.32
Del Norte,2017-10,60.7,0.0,6.28,0.35
Del Norte,2017-11,55.69,0.1,5.87,0.1
Del Norte,2017-12,49.03,0.0,4.83,0.71
Del Norte,2018-01,51.64,0.15,5.18,0.11
Del Norte,2018-02,51.73,0.01,7.63,1.3
Del Norte,2018-03,53.13,0.12,8.54,0.71
Del Norte,2018-04,55.96,0.1,9.51,0.54
Del Norte,2018-05,57.63,0.0,11.6,1.0
Del Norte,2018-06,60.64,0.0,10.15,0.36
Del Norte,2018-07,61.91,0.0,10.13,0.24
Del Norte,2018-08,61.65,0.0,9.52,0.09
Del Norte,2018-09,60.64,0.0,8.13,0.12
Del Norte,2018-10,61.34,0.0,6.55,0.23
Del Norte,2018-11,55.6,0.1,5.52,0.77
Del Norte,2018-12,52.0,0.06,6.27,1.03
Del Norte,2019-01,53.05,0.12,6.99,1.52
Del Norte,2019-02,50.17,0.22,10.87,2.99
Del Norte,2019-03,54.59,0.12,8.65,0.75
Del Norte,2019-04,59.43,0.02,9.28,0.71
Del Norte,2019-05,58.7,0.06,11.59,1.17
Del Norte,2019-06,64.68,0.0,9.77,0.6
Del Norte,2019-07,64.17,0.0,9.66,0.23
Del Norte,2019-08,67.12,0.0,9.11,0.23
Del Norte,2019-09,66.84,0.01,8.78,0.36
Del Norte,2019-10,61.43,0.0,6.15,0.88
Del Norte,2019-11,54.5,0.03,5.64,0.81
Del Norte,2019-12,53.26,0.1,7.2,1.02
Del Norte,2020-01,51.75,0.06,5.66,0.3
Del Norte,2020-02,55.27,0.0,6.61,1.34
Del Norte,2020-03,55.62,0.05,8.06,0.83
Del Norte,2020-04,58.67,0.03,9.18,0.13
Del Norte,2020-05,63.77,0.01,9.92,0.36
Del Norte,2020-06,65.14,0.0,10.77,1.07
Del Norte,2020-07,64.18,0.0,9.84,0.41
Del Norte,2020-08,67.57,0.0,8.98,0.53
Del Norte,2020-09,68.18,0.0,6.64,0.06
Del Norte,2020-10,66.25,0.0,5.92,0.52
Del Norte,2020-11,55.91,0.01,5.73,0.4
Del Norte,2020-12,52.69,0.03,5.24,0.14
Del Norte,2021-01,53.53,0.08,6.73,2.46
Del Norte,2021-02,55.55,0.06,7.08,0.54
Del Norte,2021-03,54.57,0.05,9.15,1.44
Del Norte,2021-04,54.95,0.0,10.61,0.26
Del Norte,2021-05,58.04,0.0,11.05,0.59
Del Norte,2021-06,62.3,0.0,11.3,0.32
Del Norte,2021-07,61.78,0.0,10.67,0.28
Del Norte,2021-08,63.9,0.0,9.03,0.17
Del Norte,2021-09,63.94,0.0,8.14,0.2
Del Norte,2021-10,61.46,0.17,8.69,1.33
Del Norte,2021-11,56.52,0.03,4.82,0.45
Del Norte,2021-12,49.53,0.29,8.06,0.72
El Dorado,2010-01,47.3,0.0,6.47,3.06
El Dorado,2010-02,50.96,0.0,6.04,1.67
El Dorado,2010-03,52.56,0.0,7.54,1.99
El Dorado,2010-04,54.82,0.0,8.36,3.41
El Dorado,2010-05,60.66,0.0,8.59,3.16
El Dorado,2010-06,71.98,0.0,9.37,2.91
El Dorado,2010-07,72.91,0.0,8.94,0.63
El Dorado,2010-08,70.39,0.0,8.83,1.18
El Dorado,2010-09,70.75,0.0,6.06,0.48
El Dorado,2010-10,63.27,0.0,6.84,1.19
El Dorado,2010-11,51.77,0.0,6.96,1.52
El Dorado,2010-12,49.6,0.0,6.4,2.14
El Dorado,2011-01,44.34,0.0,4.18,0.32
El Dorado,2011-02,47.08,0.0,8.47,4.5
El Dorado,2011-03,52.56,0.0,9.03,3.79
El Dorado,2011-04,57.31,0.0,8.75,3.15
El Dorado,2011-05,60.5,0.0,9.38,2.88
El Dorado,2011-06,68.59,0.0,7.77,1.48
El Dorado,2011-07,73.49,0.0,8.22,0.73
El Dorado,2011-08,72.72,0.0,7.18,0.2
El Dorado,2011-09,73.24,0.0,6.03,0.53
El Dorado,2011-10,63.04,0.0,5.07,0.47
El Dorado,2011-11,50.55,0.0,6.33,1.76
El Dorado,2011-12,44.62,0.0,5.69,1.81
El Dorado,2012-01,46.81,0.0,6.12,2.41
El Dorado,2012-02,50.67,0.0,7.51,2.69
El Dorado,2012-03,52.96,0.0,8.95,3.28
El Dorado,2012-04,59.76,0.0,7.1,1.49
El Dorado,2012-05,67.9,0.0,8.5,2.64
El Dorado,2012-06,72.26,0.0,9.31,2.81
El Dorado,2012-07,74.48,0.0,8.54,1.52
El Dorado,2012-08,75.63,0.0,7.69,0.84
El Dorado,2012-09,72.09,0.0,5.55,0.0
El Dorado,2012-10,64.08,0.0,6.18,0.87
El Dorado,2012-11,54.11,0.0,5.57,2.61
El Dorado,2012-12,47.51,0.0,7.37,2.73
El Dorado,2013-01,42.76,0.0,3.5,0.06
El Dorado,2013-02,48.37,0.0,6.21,1.33
El Dorado,2013-03,56.37,0.0,6.63,1.52
El Dorado,2013-04,63.09,0.0,9.23,5.32
El Dorado,2013-05,67.72,0.0,9.32,2.44
El Dorado,2013-06,73.54,0.0,8.03,1.08
El Dorado,2013-07,75.33,0.0,9.07,1.01
El Dorado,2013-08,73.22,0.0,8.5,0.28
El Dorado,2013-09,69.97,0.0,8.46,1.23
El Dorado,2013-10,60.78,0.0,5.89,1.94
El Dorado,2013-11,53.28,0.0,5.73,2.07
El Dorado,2013-12,42.7,0.0,4.65,1.31
El Dorado,2014-01,48.17,0.0,3.75,0.48
El Dorado,2014-02,52.68,0.0,7.51,2.61
El Dorado,2014-03,57.46,0.0,7.98,2.53
El Dorado,2014-04,61.02,0.05,6.6,1.23
El Dorado,2014-05,68.91,0.01,8.08,2.28
El Dorado,2014-06,73.6,0.0,8.75,1.78
El Dorado,2014-07,76.28,0.0,8.78,0.6
El Dorado,2014-08,73.43,0.0,8.57,0.85
El Dorado,2014-09,72.4,0.01,6.82,0.31
El Dorado,2014-10,65.73,0.01,5.67,1.24
El Dorado,2014-11,53.38,0.06,4.38,0.37
El Dorado,2014-12,51.59,0.26,7.43,2.25
El Dorado,2015-01,46.35,0.0,3.29,0.06
El Dorado,2015-02,53.29,0.09,5.9,2.0
El Dorado,2015-03,59.4,0.0,5.3,0.54
El Dorado,2015-04,60.66,0.05,8.11,2.66
El Dorado,2015-05,63.17,0.0,10.12,2.47
El Dorado,2015-06,75.11,0.0,8.3,0.91
El Dorado,2015-07,75.46,0.0,9.69,1.36
El Dorado,2015-08,74.49,0.0,8.32,0.52
El Dorado,2015-09,71.88,0.0,6.94,1.16
El Dorado,2015-10,67.87,0.0,5.97,0.7
El Dorado,2015-11,48.95,0.06,5.97,0.8
El Dorado,2015-12,46.13,0.04,7.11,2.32
El Dorado,2016-01,49.2,0.16,7.75,3.57
El Dorado,2016-02,52.62,0.03,5.61,1.14
El Dorado,2016-03,56.31,0.2,8.53,2.61
El Dorado,2016-04,62.07,0.02,8.67,2.68
El Dorado,2016-05,67.65,0.02,7.65,1.05
El Dorado,2016-06,74.32,0.0,8.4,0.57
El Dorado,2016-07,75.22,0.0,9.44,0.71
El Dorado,2016-08,72.6,0.0,8.91,0.2
El Dorado,2016-09,70.26,0.0,7.25,0.58
El Dorado,2016-10,61.85,0.08,7.2,1.03
El Dorado,2016-11,53.16,0.05,5.0,0.02
El Dorado,2016-12,43.93,0.09,6.06,1.26
El Dorado,2017-01,46.01,0.3,9.47,4.63
El Dorado,2017-02,51.93,0.23,9.64,3.89
El Dorado,2017-03,55.92,0.07,7.79,2.31
El Dorado,2017-04,58.53,0.1,8.36,1.8
El Dorado,2017-05,66.96,0.0,8.68,1.85
El Dorado,2017-06,74.33,0.01,8.36,0.61
El Dorado,2017-07,78.16,0.0,8.45,0.2
El Dorado,2017-08,76.11,0.0,8.7,0.23
El Dorado,2017-09,72.76,0.0,7.44,0.74
El Dorado,2017-10,62.54,0.01,6.92,2.3
El Dorado,2017-11,53.93,0.07,6.09,0.13
El Dorado,2017-12,44.38,0.0,5.11,1.76
El Dorado,2018-01,48.59,0.14,5.24,0.13
El Dorado,2018-02,48.48,0.01,7.18,2.14
El Dorado,2018-03,52.32,0.17,7.84,1.99
El Dorado,2018-04,58.76,0.06,7.61,1.39
El Dorado,2018-05,65.13,0.01,9.77,2.39
El Dorado,2018-06,72.53,0.0,9.07,0.96
El Dorado,2018-07,77.06,0.0,8.33,0.12
El Dorado,2018-08,72.95,0.0,8.02,0.34
El Dorado,2018-09,69.76,0.0,6.68,0.14
El Dorado,2018-10,63.73,0.05,6.59,1.12
El Dorado,2018-11,52.51,0.11,6.04,1.66
El Dorado,2018-12,47.31,0.07,6.8,0.96
El Dorado,2019-01,48.66,0.15,7.2,2.93
El Dorado,2019-02,47.02,0.28,10.43,4.53
El Dorado,2019-03,52.93,0.12,7.78,1.61
El Dorado,2019-04,61.93,0.01,8.51,1.65
El Dorado,2019-05,62.13,0.08,9.15,1.5
El Dorado,2019-06,73.97,0.0,8.46,1.75
El Dorado,2019-07,75.38,0.0,8.64,0.4
El Dorado,2019-08,76.73,0.0,7.76,0.31
El Dorado,2019-09,70.69,0.01,7.41,0.46
El Dorado,2019-10,61.14,0.0,7.13,3.05
El Dorado,2019-11,53.81,0.01,4.86,1.84
El Dorado,2019-12,48.9,0.18,6.21,0.87
El Dorado,2020-01,47.64,0.04,6.32,0.12
El Dorado,2020-02,52.31,0.0,7.11,2.22
El Dorado,2020-03,52.99,0.05,7.84,1.55
El Dorado,2020-04,60.9,0.03,7.81,1.13
El Dorado,2020-05,68.71,0.01,8.28,1.21
El Dorado,2020-06,74.13,0.0,9.0,2.05
El Dorado,2020-07,75.27,0.0,9.02,0.35
El Dorado,2020-08,78.33,0.0,7.53,0.46
El Dorado,2020-09,74.01,0.0,6.67,0.98
El Dorado,2020-10,66.68,0.0,5.48,0.99
El Dorado,2020-11,51.31,0.02,5.42,0.68
El Dorado,2020-12,46.55,0.04,5.75,0.66
El Dorado,2021-01,48.19,0.08,7.55,3.44
El Dorado,2021-02,51.59,0.03,7.32,1.88
El Dorado,2021-03,53.07,0.05,8.03,2.0
El Dorado,2021-04,61.49,0.0,8.11,0.87
El Dorado,2021-05,69.05,0.0,10.03,4.48
El Dorado,2021-06,74.39,0.0,9.5,0.99
El Dorado,2021-07,76.75,0.0,9.34,0.33
El Dorado,2021-08,75.15,0.0,7.67,0.41
El Dorado,2021-09,72.87,0.0,7.23,0.92
El Dorado,2021-10,61.67,0.16,7.81,2.8
El Dorado,2021-11,52.98,0.02,4.41,0.81
El Dorado,2021-12,45.59,0.19,6.99,2.57
Fresno,2010-01,47.87,0.0,4.38,0.7
Fresno,2010-02,51.41,0.0,3.5,0.15
Fresno,2010-03,55.25,0.0,5.28,1.05
Fresno,2010-04,57.37,0.0,6.23,1.49
Fresno,2010-05,64.98,0.0,8.2,2.65
Fresno,2010-06,77.68,0.0,9.1,2.45
Fresno,2010-07,83.24,0.0,7.2,0.14
Fresno,2010-08,79.71,0.0,6.51,0.15
Fresno,2010-09,76.39,0.0,5.07,0.3
Fresno,2010-10,67.23,0.0,4.69,0.4
Fresno,2010-11,52.75,0.0,3.61,0.17
Fresno,2010-12,50.32,0.0,3.93,0.23
Fresno,2011-01,45.52,0.0,2.52,0.0
Fresno,2011-02,48.84,0.0,4.29,0.66
Fresno,2011-03,54.98,0.0,6.32,1.36
Fresno,2011-04,60.54,0.0,7.3,2.09
Fresno,2011-05,65.12,0.0,7.9,2.0
Fresno,2011-06,74.75,0.0,7.6,0.99
Fresno,2011-07,81.77,0.0,7.32,0.26
Fresno,2011-08,82.23,0.0,6.04,0.11
Fresno,2011-09,80.07,0.0,5.22,0.16
Fresno,2011-10,67.05,0.0,3.61,0.2
Fresno,2011-11,52.13,0.0,3.26,0.21
Fresno,2011-12,43.99,0.0,2.11,0.55
Fresno,2012-01,48.28,0.0,2.9,0.24
Fresno,2012-02,52.0,0.0,4.2,0.52
Fresno,2012-03,55.85,0.0,5.76,1.38
Fresno,2012-04,62.78,0.0,6.45,1.66
Fresno,2012-05,72.29,0.0,8.07,1.89
Fresno,2012-06,78.04,0.0,9.03,3.0
Fresno,2012-07,83.3,0.0,6.69,0.35
Fresno,2012-08,85.92,0.0,6.36,0.17
Fresno,2012-09,80.89,0.0,4.5,0.0
Fresno,2012-10,68.35,0.0,4.18,0.11
Fresno,2012-11,57.02,0.0,3.12,0.15
Fresno,2012-12,50.19,0.0,4.62,0.31
Fresno,2013-01,46.19,0.0,2.77,0.26
Fresno,2013-02,50.3,0.0,2.97,0.24
Fresno,2013-03,61.79,0.0,4.93,0.49
Fresno,2013-04,67.43,0.0,6.92,1.75
Fresno,2013-05,73.01,0.0,8.81,2.07
Fresno,2013-06,81.11,0.0,8.73,1.66
Fresno,2013-07,86.94,0.0,6.76,0.24
Fresno,2013-08,82.81,0.0,7.27,0.61
Fresno,2013-09,77.34,0.0,6.63,0.82
Fresno,2013-10,65.72,0.0,3.45,0.11
Fresno,2013-11,57.39,0.0,2.49,0.0
Fresno,2013-12,46.43,0.0,2.29,0.0
Fresno,2014-01,52.0,0.0,2.44,0.0
Fresno,2014-02,55.88,0.0,4.91,0.44
Fresno,2014-03,61.76,0.01,5.88,0.87
Fresno,2014-04,66.67,0.03,6.96,0.85
Fresno,2014-05,74.42,0.0,8.94,1.66
Fresno,2014-06,81.41,0.0,8.17,0.81
Fresno,2014-07,86.61,0.0,7.37,0.12
Fresno,2014-08,84.18,0.0,6.58,0.2
Fresno,2014-09,80.25,0.01,6.27,0.16
Fresno,2014-10,71.35,0.0,4.42,0.33
Fresno,2014-11,56.61,0.03,3.06,0.0
Fresno,2014-12,51.04,0.07,4.04,0.09
Fresno,2015-01,47.56,0.01,2.36,0.0
Fresno,2015-02,55.62,0.04,3.91,0.07
Fresno,2015-03,63.72,0.0,5.45,0.48
Fresno,2015-04,64.32,0.04,6.98,1.08
Fresno,2015-05,68.4,0.02,7.63,0.58
Fresno,2015-06,82.47,0.0,7.55,0.5
Fresno,2015-07,82.9,0.01,8.13,0.61
Fresno,2015-08,82.16,0.0,7.61,0.36
Fresno,2015-09,78.21,0.0,5.81,0.27
Fresno,2015-10,70.58,0.02,4.85,0.09
Fresno,2015-11,50.98,0.06,3.66,0.17
Fresno,2015-12,45.16,0.1,4.11,0.04
Fresno,2016-01,49.29,0.12,4.53,0.2
Fresno,2016-02,54.41,0.04,3.33,0.11
Fresno,2016-03,58.34,0.09,5.74,0.6
Fresno,2016-04,64.51,0.04,7.22,1.56
Fresno,2016-05,71.12,0.01,7.76,1.07
Fresno,2016-06,81.07,0.0,8.66,0.53
Fresno,2016-07,84.1,0.0,7.81,0.25
Fresno,2016-08,82.34,0.0,6.88,0.03
Fresno,2016-09,76.05,0.0,5.59,0.24
Fresno,2016-10,65.88,0.02,6.08,0.78
Fresno,2016-11,56.39,0.05,4.21,0.46
Fresno,2016-12,46.38,0.08,3.93,0.12
Fresno,2017-01,47.89,0.18,5.51,0.32
Fresno,2017-02,53.76,0.09,7.01,0.43
Fresno,2017-03,58.44,0.03,5.4,1.17
Fresno,2017-04,61.82,0.11,8.32,2.15
Fresno,2017-05,70.99,0.0,7.97,1.07
Fresno,2017-06,80.76,0.0,8.38,0.72
Fresno,2017-07,86.62,0.0,7.37,0.21
Fresno,2017-08,84.83,0.0,6.97,0.1
Fresno,2017-09,76.74,0.01,6.47,0.33
Fresno,2017-10,65.21,0.0,4.11,0.4
Fresno,2017-11,57.36,0.01,4.12,0.2
Fresno,2017-12,46.8,0.0,2.62,0.2
Fresno,2018-01,51.55,0.04,4.07,0.26
Fresno,2018-02,52.45,0.01,4.29,0.46
Fresno,2018-03,56.43,0.14,6.39,0.67
Fresno,2018-04,64.47,0.02,7.49,1.61
Fresno,2018-05,70.92,0.0,8.53,0.84
Fresno,2018-06,79.65,0.0,7.93,0.75
Fresno,2018-07,87.96,0.0,7.75,0.19
Fresno,2018-08,82.8,0.0,7.35,0.12
Fresno,2018-09,77.57,0.0,6.02,0.03
Fresno,2018-10,67.47,0.0,4.33,0.12
Fresno,2018-11,54.45,0.06,2.91,0.02
Fresno,2018-12,49.25,0.02,2.86,0.05
Fresno,2019-01,51.43,0.07,4.45,0.3
Fresno,2019-02,49.1,0.12,6.77,0.98
Fresno,2019-03,56.9,0.04,6.32,0.62
Fresno,2019-04,66.97,0.01,6.96,1.28
Fresno,2019-05,66.34,0.08,7.26,0.54
Fresno,2019-06,80.83,0.0,8.09,0.67
Fresno,2019-07,84.35,0.0,7.88,0.25
Fresno,2019-08,84.49,0.0,7.54,0.11
Fresno,2019-09,76.9,0.0,6.93,0.44
Fresno,2019-10,64.96,0.0,4.44,0.1
Fresno,2019-11,56.86,0.02,3.69,0.27
Fresno,2019-12,50.51,0.08,4.35,0.12
Fresno,2020-01,47.8,0.02,3.57,0.1
Fresno,2020-02,54.38,0.0,3.56,0.27
Fresno,2020-03,56.05,0.07,5.95,0.29
Fresno,2020-04,64.04,0.06,7.16,0.81
Fresno,2020-05,73.48,0.0,8.18,1.09
Fresno,2020-06,79.88,0.0,8.44,1.54
Fresno,2020-07,84.82,0.0,7.56,0.19
Fresno,2020-08,85.88,0.0,6.68,0.08
Fresno,2020-09,79.37,0.0,4.68,0.05
Fresno,2020-10,70.69,0.0,3.51,0.0
Fresno,2020-11,54.38,0.01,3.6,0.08
Fresno,2020-12,47.91,0.04,3.76,0.03
Fresno,2021-01,49.31,0.11,4.4,0.2
Fresno,2021-02,53.55,0.01,5.22,0.33
Fresno,2021-03,55.98,0.04,5.65,0.76
Fresno,2021-04,65.8,0.01,6.4,0.35
Fresno,2021-05,73.55,0.0,8.68,1.53
Fresno,2021-06,82.56,0.0,8.46,0.67
Fresno,2021-07,88.67,0.0,7.64,0.32
Fresno,2021-08,84.74,0.0,6.68,0.23
Fresno,2021-09,79.28,0.0,5.83,0.15
Fresno,2021-10,64.57,0.04,5.27,0.93
Fresno,2021-11,55.61,0.01,3.35,0.0
Fresno,2021-12,47.46,0.12,5.07,0.12
Glenn,2010-01,47.3,0.0,6.47,3.06
Glenn,2010-02,50.96,0.0,6.04,1.67
Glenn,2010-03,52.56,0.0,7.54,1.99
Glenn,2010-04,54.82,0.0,8.36,3.41
Glenn,2010-05,60.66,0.0,8.59,3.16
Glenn,2010-06,71.98,0.0,9.37,2.91
Glenn,2010-07,72.91,0.0,8.94,0.63
Glenn,2010-08,70.39,0.0,8.83,1.18
Glenn,2010-09,70.75,0.0,6.06,0.48
Glenn,2010-10,63.27,0.0,6.84,1.19
Glenn,2010-11,51.77,0.0,6.96,1.52
Glenn,2010-12,49.6,0.0,6.4,2.14
Glenn,2011-01,44.34,0.0,4.18,0.32
Glenn,2011-02,47.08,0.0,8.47,4.5
Glenn,2011-03,52.56,0.0,9.03,3.79
Glenn,2011-04,57.31,0.0,8.75,3.15
Glenn,2011-05,60.5,0.0,9.38,2.88
Glenn,2011-06,68.59,0.0,7.77,1.48
Glenn,2011-07,73.49,0.0,8.22,0.73
Glenn,2011-08,72.72,0.0,7.18,0.2
Glenn,2011-09,73.24,0.0,6.03,0.53
Glenn,2011-10,63.04,0.0,5.07,0.47
Glenn,2011-11,50.55,0.0,6.33,1.76
Glenn,2011-12,44.62,0.0,5.69,1.81
Glenn,2012-01,46.81,0.0,6.12,2.41
Glenn,2012-02,50.67,0.0,7.51,2.69
Glenn,2012-03,52.96,0.0,8.95,3.28
Glenn,2012-04,59.76,0.0,7.1,1.49
Glenn,2012-05,67.9,0.0,8.5,2.64
Glenn,2012-06,72.26,0.0,9.31,2.81
Glenn,2012-07,74.48,0.0,8.54,1.52
Glenn,2012-08,75.63,0.0,7.69,0.84
Glenn,2012-09,72.09,0.0,5.55,0.0
Glenn,2012-10,64.08,0.0,6.18,0.87
Glenn,2012-11,54.11,0.0,5.57,2.61
Glenn,2012-12,47.51,0.0,7.37,2.73
Glenn,2013-01,42.76,0.0,3.5,0.06
Glenn,2013-02,48.37,0.0,6.21,1.33
Glenn,2013-03,56.37,0.0,6.63,1.52
Glenn,2013-04,63.09,0.0,9.23,5.32
Glenn,2013-05,67.72,0.0,9.32,2.44
Glenn,2013-06,73.54,0.0,8.03,1.08
Glenn,2013-07,75.33,0.0,9.07,1.01
Glenn,2013-08,73.22,0.0,8.5,0.28
Glenn,2013-09,69.97,0.0,8.46,1.23
Glenn,2013-10,60.78,0.0,5.89,1.94
Glenn,2013-11,53.28,0.0,5.73,2.07
Glenn,2013-12,42.7,0.0,4.65,1.31
Glenn,2014-01,48.17,0.0,3.75,0.48
Glenn,2014-02,52.68,0.0,7.51,2.61
Glenn,2014-03,57.46,0.0,7.98,2.53
Glenn,2014-04,61.02,0.05,6.6,1.23
Glenn,2014-05,68.91,0.01,8.08,2.28
Glenn,2014-06,73.6,0.0,8.75,1.78
Glenn,2014-07,76.28,0.0,8.78,0.6
Glenn,2014-08,73.43,0.0,8.57,0.85
Glenn,2014-09,72.4,0.01,6.82,0.31
Glenn,2014-10,65.73,0.01,5.67,1.24
Glenn,2014-11,53.38,0.06,4.38,0.37
Glenn,2014-12,51.59,0.26,7.43,2.25
Glenn,2015-01,46.35,0.0,3.29,0.06
Glenn,2015-02,53.29,0.09,5.9,2.0
Glenn,2015-03,59.4,0.0,5.3,0.54
Glenn,2015-04,60.66,0.05,8.11,2.66
Glenn,2015-05,63.17,0.0,10.12,2.47
Glenn,2015-06,75.11,0.0,8.3,0.91
Glenn,2015-07,75.46,0.0,9.69,1.36
Glenn,2015-08,74.49,0.0,8.32,0.52
Glenn,2015-09,71.88,0.0,6.94,1.16
Glenn,2015-10,67.87,0.0,5.97,0.7
Glenn,2015-11,48.95,0.06,5.97,0.8
Glenn,2015-12,46.13,0.04,7.11,2.32
Glenn,2016-01,49.2,0.16,7.75,3.57
Glenn,2016-02,52.62,0.03,5.61,1.14
Glenn,2016-03,56.31,0.2,8.53,2.61
Glenn,2016-04,62.07,0.02,8.67,2.68
Glenn,2016-05,67.65,0.02,7.65,1.05
Glenn,2016-06,74.32,0.0,8.4,0.57
Glenn,2016-07,75.22,0.0,9.44,0.71
Glenn,2016-08,72.6,0.0,8.91,0.2
Glenn,2016-09,70.26,0.0,7.25,0.58
Glenn,2016-10,61.85,0.08,7.2,1.03
Glenn,2016-11,53.16,0.05,5.0,0.02
Glenn,2016-12,43.93,0.09,6.06,1.26
Glenn,2017-01,46.01,0.3,9.47,4.63
Glenn,2017-02,51.93,0.23,9.64,3.89
Glenn,2017-03,55.92,0.07,7.79,2.31
Glenn,2017-04,58.53,0.1,8.36,1.8
Glenn,2017-05,66.96,0.0,8.68,1.85
Glenn,2017-06,74.33,0.01,8.36,0.61
Glenn,2017-07,78.16,0.0,8.45,0.2
Glenn,2017-08,76.11,0.0,8.7,0.23
Glenn,2017-09,72.76,0.0,7.44,0.74
Glenn,2017-10,62.54,0.01,6.92,2.3
Glenn,2017-11,53.93,0.07,6.09,0.13
Glenn,2017-12,44.38,0.0,5.11,1.76
Glenn,2018-01,48.59,0.14,5.24,0.13
Glenn,2018-02,48.48,0.01,7.18,2.14
Glenn,2018-03,52.32,0.17,7.84,1.99
Glenn,2018-04,58.76,0.06,7.61,1.39
Glenn,2018-05,65.13,0.01,9.77,2.39
Glenn,2018-06,72.53,0.0,9.07,0.96
Glenn,2018-07,77.06,0.0,8.33,0.12
Glenn,2018-08,72.95,0.0,8.02,0.34
Glenn,2018-09,69.76,0.0,6.68,0.14
Glenn,2018-10,63.73,0.05,6.59,1.12
Glenn,2018-11,52.51,0.11,6.04,1.66
Glenn,2018-12,47.31,0.07,6.8,0.96
Glenn,2019-01,48.66,0.15,7.2,2.93
Glenn,2019-02,47.02,0.28,10.43,4.53
Glenn,2019-03,52.93,0.12,7.78,1.61
Glenn,2019-04,61.93,0.01,8.51,1.65
Glenn,2019-05,62.13,0.08,9.15,1.5
Glenn,2019-06,73.97,0.0,8.46,1.75
Glenn,2019-07,75.38,0.0,8.64,0.4
Glenn,2019-08,76.73,0.0,7.76,0.31
Glenn,2019-09,70.69,0.01,7.41,0.46
Glenn,2019-10,61.14,0.0,7.13,3.05
Glenn,2019-11,53.81,0.01,4.86,1.84
Glenn,2019-12,48.9,0.18,6.21,0.87
Glenn,2020-01,47.64,0.04,6.32,0.12
Glenn,2020-02,52.31,0.0,7.11,2.22
Glenn,2020-03,52.99,0.05,7.84,1.55
Glenn,2020-04,60.9,0.03,7.81,1.13
Glenn,2020-05,68.71,0.01,8.28,1.21
Glenn,2020-06,74.13,0.0,9.0,2.05
Glenn,2020-07,75.27,0.0,9.02,0.35
Glenn,2020-08,78.33,0.0,7.53,0.46
Glenn,2020-09,74.01,0.0,6.67,0.98
Glenn,2020-10,66.68,0.0,5.48,0.99
Glenn,2020-11,51.31,0.02,5.42,0.68
Glenn,2020-12,46.55,0.04,5.75,0.66
Glenn,2021-01,48.19,0.08,7.55,3.44
Glenn,2021-02,51.59,0.03,7.32,1.88
Glenn,2021-03,53.07,0.05,8.03,2.0
Glenn,2021-04,61.49,0.0,8.11,0.87
Glenn,2021-05,69.05,0.0,10.03,4.48
Glenn,2021-06,74.39,0.0,9.5,0.99
Glenn,2021-07,76.75,0.0,9.34,0.33
Glenn,2021-08,75.15,0.0,7.67,0.41
Glenn,2021-09,72.87,0.0,7.23,0.92
Glenn,2021-10,61.67,0.16,7.81,2.8
Glenn,2021-11,52.98,0.02,4.41,0.81
Glenn,2021-12,45.59,0.19,6.99,2.57
Humboldt,2010-01,50.61,0.0,5.94,4.02
Humboldt,2010-02,50.15,0.0,5.3,2.78
Humboldt,2010-03,46.56,0.0,5.87,2.52
Humboldt,2010-04,47.75,0.0,7.69,4.59
Humboldt,2010-05,49.62,0.0,5.93,2.01
Humboldt,2010-06,53.9,0.0,6.74,2.34
Humboldt,2010-07,52.88,0.0,4.62,0.94
Humboldt,2010-08,54.12,0.0,3.93,0.29
Humboldt,2010-09,54.85,0.0,3.43,0.43
Humboldt,2010-10,53.63,0.0,4.87,1.54
Humboldt,2010-11,47.17,0.0,4.55,1.01
Humboldt,2010-12,48.8,0.0,6.96,4.15
Humboldt,2011-01,46.44,0.0,3.76,0.64
Humboldt,2011-02,44.01,0.0,6.17,3.2
Humboldt,2011-03,48.64,0.0,8.17,4.52
Humboldt,2011-04,47.38,0.0,6.49,2.77
Humboldt,2011-05,49.75,0.0,6.18,2.1
Humboldt,2011-06,53.39,0.0,6.4,1.91
Humboldt,2011-07,54.36,0.0,4.89,0.91
Humboldt,2011-08,54.73,0.0,4.37,0.33
Humboldt,2011-09,54.25,0.0,3.91,0.62
Humboldt,2011-10,53.89,0.0,3.78,0.38
Humboldt,2011-11,48.11,0.0,4.86,1.62
Humboldt,2011-12,44.0,0.0,3.59,0.63
Humboldt,2012-01,45.83,0.0,5.05,2.1
Humboldt,2012-02,46.71,0.0,5.69,2.47
Humboldt,2012-03,46.65,0.0,8.43,5.68
Humboldt,2012-04,48.78,0.0,5.15,1.2
Humboldt,2012-05,50.02,0.0,6.01,2.08
Humboldt,2012-06,53.68,0.0,5.87,2.07
Humboldt,2012-07,54.97,0.0,4.67,1.05
Humboldt,2012-08,54.32,0.0,3.79,0.3
Humboldt,2012-09,51.36,0.0,3.24,0.21
Humboldt,2012-10,53.1,0.0,3.67,0.82
Humboldt,2012-11,51.85,0.0,5.7,3.22
Humboldt,2012-12,44.98,0.0,6.38,3.63
Humboldt,2013-01,41.72,0.0,2.9,0.34
Humboldt,2013-02,43.45,0.0,4.32,0.73
Humboldt,2013-03,45.92,0.0,5.11,1.4
Humboldt,2013-04,48.82,0.0,6.89,3.45
Humboldt,2013-05,52.29,0.0,5.76,1.16
Humboldt,2013-06,54.12,0.0,5.07,1.39
Humboldt,2013-07,53.67,0.0,4.46,0.77
Humboldt,2013-08,56.56,0.0,4.0,0.24
Humboldt,2013-09,58.51,0.0,5.01,1.18
Humboldt,2013-10,50.04,0.0,3.89,1.22
Humboldt,2013-11,48.93,0.0,3.77,0.26
Humboldt,2013-12,41.87,0.0,3.89,0.76
Humboldt,2014-01,47.37,0.0,3.21,0.21
Humboldt,2014-02,49.28,0.0,5.77,1.42
Humboldt,2014-03,51.21,0.13,6.77,1.53
Humboldt,2014-04,51.07,0.07,5.24,0.55
Humboldt,2014-05,55.16,0.03,6.36,0.78
Humboldt,2014-06,55.38,0.02,6.18,1.36
Humboldt,2014-07,57.42,0.0,5.19,0.29
Humboldt,2014-08,56.93,0.0,4.73,0.27
Humboldt,2014-09,57.6,0.11,4.44,0.46
Humboldt,2014-10,57.59,0.18,5.11,1.37
Humboldt,2014-11,53.39,0.17,4.51,0.42
Humboldt,2014-12,51.95,0.32,7.19,2.93
Humboldt,2015-01,49.09,0.07,3.72,0.18
Humboldt,2015-02,51.27,0.21,6.19,2.91
Humboldt,2015-03,49.95,0.12,4.66,0.42
Humboldt,2015-04,48.84,0.08,6.26,1.56
Humboldt,2015-05,51.38,0.0,6.16,0.86
Humboldt,2015-06,54.32,0.0,5.16,0.41
Humboldt,2015-07,59.39,0.0,4.85,0.52
Humboldt,2015-08,59.49,0.02,4.4,0.22
Humboldt,2015-09,56.05,0.02,4.52,0.48
Humboldt,2015-10,56.24,0.04,3.6,0.19
Humboldt,2015-11,48.72,0.17,5.14,1.12
Humboldt,2015-12,48.24,0.61,7.62,3.08
Humboldt,2016-01,50.43,0.4,7.08,2.93
Humboldt,2016-02,50.86,0.1,4.2,0.79
Humboldt,2016-03,51.95,0.34,7.54,3.52
Humboldt,2016-04,54.37,0.11,6.18,2.07
Humboldt,2016-05,54.39,0.02,5.68,1.17
Humboldt,2016-06,55.87,0.0,5.77,0.87
Humboldt,2016-07,56.68,0.02,4.73,0.46
Humboldt,2016-08,55.1,0.0,4.24,0.28
Humboldt,2016-09,54.93,0.0,4.74,0.5
Humboldt,2016-10,55.74,0.37,6.42,2.62
Humboldt,2016-11,53.26,0.26,6.08,2.43
Humboldt,2016-12,44.32,0.27,4.94,0.66
Humboldt,2017-01,44.33,0.36,6.95,2.93
Humboldt,2017-02,48.6,0.51,8.31,4.98
Humboldt,2017-03,49.85,0.33,6.28,2.09
Humboldt,2017-04,50.72,0.18,7.68,3.07
Humboldt,2017-05,51.42,0.04,6.95,2.96
Humboldt,2017-06,55.26,0.02,6.13,1.24
Humboldt,2017-07,55.59,0.0,5.25,0.27
Humboldt,2017-08,57.1,0.0,4.08,0.14
Humboldt,2017-09,58.35,0.02,4.18,0.24
Humboldt,2017-10,52.5,0.06,4.93,1.57
Humboldt,2017-11,50.93,0.26,5.88,1.25
Humboldt,2017-12,48.68,0.07,3.97,0.7
Humboldt,2018-01,51.4,0.29,5.22,1.58
Humboldt,2018-02,46.82,0.08,5.5,1.27
Humboldt,2018-03,49.16,0.29,6.54,1.88
Humboldt,2018-04,52.35,0.18,6.37,1.79
Humboldt,2018-05,54.28,0.03,5.91,0.97
Humboldt,2018-06,56.07,0.02,6.26,1.24
Humboldt,2018-07,55.52,0.0,4.6,0.63
Humboldt,2018-08,56.33,0.0,4.86,0.37
Humboldt,2018-09,53.76,0.01,4.56,0.23
Humboldt,2018-10,52.22,0.03,3.64,0.24
Humboldt,2018-11,49.24,0.18,4.61,0.75
Humboldt,2018-12,48.29,0.18,5.56,1.59
Humboldt,2019-01,49.61,0.27,5.92,2.45
Humboldt,2019-02,44.42,0.57,7.3,2.52
Humboldt,2019-03,47.84,0.18,5.52,1.36
Humboldt,2019-04,51.78,0.12,6.99,2.04
Humboldt,2019-05,50.91,0.1,6.44,1.78
Humboldt,2019-06,54.52,0.0,6.17,1.66
Humboldt,2019-07,59.17,0.0,5.81,0.47
Humboldt,2019-08,60.07,0.01,4.43,0.2
Humboldt,2019-09,58.56,0.11,4.56,0.34
Humboldt,2019-10,51.3,0.07,4.32,0.5
Humboldt,2019-11,47.25,0.06,4.37,1.93
Humboldt,2019-12,49.83,0.26,5.72,1.51
Humboldt,2020-01,49.72,0.3,6.06,1.64
Humboldt,2020-02,45.83,0.03,4.71,0.82
Humboldt,2020-03,46.97,0.08,5.8,1.02
Humboldt,2020-04,50.9,0.08,5.52,0.74
Humboldt,2020-05,53.19,0.18,6.19,1.57
Humboldt,2020-06,55.24,0.02,5.8,1.0
Humboldt,2020-07,57.94,0.0,5.49,0.73
Humboldt,2020-08,57.35,0.0,4.5,0.24
Humboldt,2020-09,58.98,0.03,3.62,0.2
Humboldt,2020-10,53.21,0.02,3.61,0.29
Humboldt,2020-11,46.89,0.11,4.65,0.95
Humboldt,2020-12,46.48,0.17,4.52,1.11
Humboldt,2021-01,48.07,0.22,6.39,2.5
Humboldt,2021-02,45.19,0.15,6.14,1.87
Humboldt,2021-03,44.17,0.14,7.16,3.36
Humboldt,2021-04,46.88,0.02,5.53,0.37
Humboldt,2021-05,50.44,0.01,6.48,2.04
Humboldt,2021-06,55.22,0.06,5.02,0.71
Humboldt,2021-07,55.26,0.0,5.3,0.3
Humboldt,2021-08,55.73,0.0,4.5,0.66
Humboldt,2021-09,54.7,0.06,4.07,0.23
Humboldt,2021-10,53.07,0.12,5.62,2.49
Humboldt,2021-11,51.41,0.13,4.45,1.39
Humboldt,2021-12,45.98,0.22,6.06,2.7
Imperial,2010-01,56.33,0.0,4.5,1.01
Imperial,2010-02,59.42,0.0,6.0,1.52
Imperial,2010-03,63.84,0.0,8.09,3.78
Imperial,2010-04,67.98,0.0,8.94,5.51
Imperial,2010-05,75.48,0.0,9.96,6.91
Imperial,2010-06,87.05,0.0,8.25,3.44
Imperial,2010-07,94.2,0.0,7.06,1.51
Imperial,2010-08,92.64,0.0,6.54,2.3
Imperial,2010-09,87.85,0.0,5.4,0.57
Imperial,2010-10,73.61,0.0,6.23,2.0
Imperial,2010-11,61.93,0.0,6.88,2.68
Imperial,2010-12,57.57,0.0,5.24,1.05
Imperial,2011-01,55.41,0.0,4.1,0.62
Imperial,2011-02,55.21,0.0,6.72,2.19
Imperial,2011-03,66.23,0.0,7.64,3.74
Imperial,2011-04,71.78,0.0,9.38,4.8
Imperial,2011-05,74.53,0.0,11.43,9.25
Imperial,2011-06,85.78,0.0,9.0,4.65
Imperial,2011-07,92.5,0.0,7.34,1.57
Imperial,2011-08,94.84,0.0,5.67,0.53
Imperial,2011-09,88.61,0.0,4.92,0.67
Imperial,2011-10,75.79,0.0,6.15,2.61
Imperial,2011-11,60.41,0.0,5.6,1.98
Imperial,2011-12,51.18,0.0,4.24,0.59
Imperial,2012-01,56.17,0.0,4.32,1.33
Imperial,2012-02,58.7,0.0,6.74,2.73
Imperial,2012-03,64.04,0.0,7.51,4.0
Imperial,2012-04,72.0,0.0,7.71,4.0
Imperial,2012-05,81.8,0.0,7.84,3.74
Imperial,2012-06,88.53,0.0,7.87,2.76
Imperial,2012-07,91.68,0.0,7.19,1.34
Imperial,2012-08,94.39,0.0,6.52,0.93
Imperial,2012-09,89.72,0.0,5.31,0.69
Imperial,2012-10,76.37,0.0,5.6,1.01
Imperial,2012-11,64.95,0.0,4.51,1.08
Imperial,2012-12,56.1,0.0,4.4,0.65
Imperial,2013-01,52.29,0.0,5.02,0.98
Imperial,2013-02,57.38,0.0,6.39,2.58
Imperial,2013-03,69.78,0.0,6.85,2.35
Imperial,2013-04,73.37,0.0,8.79,5.31
Imperial,2013-05,80.48,0.0,8.8,4.46
Imperial,2013-06,90.18,0.0,7.01,1.07
Imperial,2013-07,93.77,0.0,6.97,0.97
Imperial,2013-08,91.43,0.0,6.03,1.4
Imperial,2013-09,85.8,0.0,6.06,2.45
Imperial,2013-10,71.24,0.0,6.12,2.52
Imperial,2013-11,62.64,0.0,4.89,0.56
Imperial,2013-12,54.64,0.0,5.66,1.79
Imperial,2014-01,58.48,0.0,4.01,0.46
Imperial,2014-02,63.06,0.0,5.0,0.94
Imperial,2014-03,68.45,0.0,7.33,2.51
Imperial,2014-04,73.2,0.0,8.95,4.48
Imperial,2014-05,80.38,0.0,9.85,4.82
Imperial,2014-06,89.36,0.0,9.18,2.72
Imperial,2014-07,93.45,0.0,8.59,1.38
Imperial,2014-08,90.88,0.05,7.24,1.52
Imperial,2014-09,89.54,0.0,6.71,1.39
Imperial,2014-10,78.12,0.0,4.29,0.12
Imperial,2014-11,63.69,0.0,5.77,1.32
Imperial,2014-12,56.68,0.01,4.37,0.42
Imperial,2015-01,56.51,0.0,3.97,0.11
Imperial,2015-02,64.66,0.0,5.51,2.26
Imperial,2015-03,70.88,0.02,6.19,0.55
Imperial,2015-04,72.38,0.0,8.61,2.77
Imperial,2015-05,74.94,0.02,9.48,4.95
Imperial,2015-06,89.58,0.0,8.54,2.0
Imperial,2015-07,90.58,0.01,7.89,2.29
Imperial,2015-08,96.8,0.0,6.81,0.85
Imperial,2015-09,90.64,0.0,5.84,1.15
Imperial,2015-10,80.81,0.0,6.49,1.1
Imperial,2015-11,61.45,0.0,6.88,2.82
Imperial,2015-12,55.12,0.0,6.67,2.71
Imperial,2016-01,56.02,0.02,5.01,1.29
Imperial,2016-02,64.22,0.0,5.14,0.65
Imperial,2016-03,69.51,0.0,8.31,3.82
Imperial,2016-04,73.72,0.01,8.71,4.49
Imperial,2016-05,78.08,0.0,8.82,4.75
Imperial,2016-06,92.05,0.0,8.41,1.54
Imperial,2016-07,94.32,0.0,8.13,1.62
Imperial,2016-08,96.13,0.0,7.37,1.53
Imperial,2016-09,81.46,0.01,6.96,2.23
Imperial,2016-10,75.78,0.0,6.01,1.09
Imperial,2016-11,65.28,0.0,5.6,0.65
Imperial,2016-12,55.67,0.03,5.27,1.74
Imperial,2017-01,54.37,0.03,6.44,1.02
Imperial,2017-02,60.85,0.02,5.91,1.5
Imperial,2017-03,69.96,0.0,7.36,3.42
Imperial,2017-04,75.01,0.0,8.06,2.61
Imperial,2017-05,79.26,0.0,9.39,4.75
Imperial,2017-06,90.18,0.0,7.6,1.89
Imperial,2017-07,95.61,0.01,8.41,1.15
Imperial,2017-08,94.98,0.01,7.07,1.95
Imperial,2017-09,84.58,0.0,7.94,2.35
Imperial,2017-10,76.79,0.0,5.72,1.24
Imperial,2017-11,68.02,0.0,4.19,0.47
Imperial,2017-12,56.41,0.0,4.83,0.87
Imperial,2018-01,59.51,0.0,4.72,1.01
Imperial,2018-02,59.43,0.0,6.02,2.05
Imperial,2018-03,66.24,0.0,8.12,3.59
Imperial,2018-04,75.46,0.0,9.19,5.07
Imperial,2018-05,79.06,0.0,9.52,4.98
Imperial,2018-06,88.75,0.0,8.02,1.65
Imperial,2018-07,96.29,0.0,7.66,1.07
Imperial,2018-08,90.44,0.0,7.3,0.93
Imperial,2018-09,90.66,0.0,5.8,0.74
Imperial,2018-10,74.47,0.03,6.14,1.04
Imperial,2018-11,63.56,0.0,4.88,0.72
Imperial,2018-12,55.44,0.04,4.99,0.78
Imperial,2019-01,42.81,0.01,4.64,0.83
Imperial,2019-02,50.93,0.01,7.72,3.45
Imperial,2019-03,64.41,0.0,9.1,3.81
Imperial,2019-04,74.31,0.0,10.37,5.24
Imperial,2019-05,70.84,0.0,9.94,5.79
Imperial,2019-06,81.59,0.0,7.52,2.07
Imperial,2019-07,93.42,0.0,8.15,1.18
Imperial,2019-08,95.05,0.0,6.42,0.29
Imperial,2019-09,85.43,0.01,7.27,2.08
Imperial,2019-10,72.21,0.0,5.98,1.25
Imperial,2019-11,63.82,0.0,4.63,0.64
Imperial,2019-12,53.74,0.0,4.68,0.23
Imperial,2020-01,55.17,0.0,4.51,0.74
Imperial,2020-02,56.27,0.0,5.89,1.97
Imperial,2020-03,61.42,0.01,8.26,3.35
Imperial,2020-04,70.37,0.0,7.6,2.12
Imperial,2020-05,83.07,0.0,8.36,2.89
Imperial,2020-06,86.9,0.0,8.4,3.62
Imperial,2020-07,94.41,0.0,6.71,0.86
Imperial,2020-08,96.64,0.0,7.94,1.34
Imperial,2020-09,89.2,0.0,4.95,0.16
Imperial,2020-10,78.74,0.0,5.49,1.91
Imperial,2020-11,64.31,0.0,5.29,1.76
Imperial,2020-12,54.12,0.0,4.59,0.68
Imperial,2021-01,55.27,0.0,5.06,0.99
Imperial,2021-02,60.01,0.0,5.71,1.31
Imperial,2021-03,62.34,0.0,8.9,3.96
Imperial,2021-04,74.46,0.0,9.14,4.06
Imperial,2021-05,79.38,0.0,9.15,4.05
Imperial,2021-06,91.22,0.0,7.48,1.17
Imperial,2021-07,94.74,0.0,8.29,1.22
Imperial,2021-08,93.55,0.0,7.48,1.45
Imperial,2021-09,88.53,0.0,5.78,0.72
Imperial,2021-10,72.59,0.0,6.83,1.99
Imperial,2021-11,67.33,0.0,4.17,0.21
Imperial,2021-12,57.09,0.0,6.03,2.24
Inyo,2010-01,23.35,0.0,3.22,1.46
Inyo,2010-02,24.45,0.0,3.48,1.73
Inyo,2010-03,31.54,0.0,6.49,5.07
Inyo,2010-04,37.23,0.0,7.91,7.9
Inyo,2010-05,45.26,0.0,9.93,11.91
Inyo,2010-06,59.49,0.0,8.23,9.2
Inyo,2010-07,65.94,0.0,6.3,5.52
Inyo,2010-08,62.37,0.0,6.65,6.41
Inyo,2010-09,56.51,0.0,5.1,3.67
Inyo,2010-10,45.1,0.0,5.08,4.2
Inyo,2010-11,32.66,0.0,7.07,6.37
Inyo,2010-12,29.03,0.0,5.48,5.34
Inyo,2011-01,22.47,0.0,4.07,1.71
Inyo,2011-02,23.86,0.0,6.52,5.23
Inyo,2011-03,34.06,0.0,7.72,8.3
Inyo,2011-04,41.56,0.0,10.11,12.29
Inyo,2011-05,45.23,0.0,9.4,10.88
Inyo,2011-06,57.04,0.0,8.72,8.94
Inyo,2011-07,63.21,0.0,5.76,5.67
Inyo,2011-08,63.57,0.0,5.72,5.56
Inyo,2011-09,57.55,0.0,4.62,2.9
Inyo,2011-10,45.82,0.0,5.12,3.49
Inyo,2011-11,31.92,0.0,5.21,4.12
Inyo,2011-12,27.36,0.0,5.35,2.44
Inyo,2012-01,32.52,0.0,5.93,5.0
Inyo,2012-02,32.26,0.0,7.09,5.83
Inyo,2012-03,37.96,0.0,8.88,11.25
Inyo,2012-04,44.43,0.0,8.09,8.39
Inyo,2012-05,53.85,0.0,9.25,9.89
Inyo,2012-06,61.56,0.0,8.73,9.95
Inyo,2012-07,65.26,0.0,6.19,6.94
Inyo,2012-08,65.74,0.0,5.74,5.24
Inyo,2012-09,59.82,0.0,5.41,4.17
Inyo,2012-10,47.59,0.0,5.66,4.04
Inyo,2012-11,36.01,0.0,5.36,5.07
Inyo,2012-12,27.65,0.0,6.16,5.83
Inyo,2013-01,21.93,0.0,4.27,1.49
Inyo,2013-02,30.19,0.0,5.73,2.99
Inyo,2013-03,40.85,0.0,6.43,5.53
Inyo,2013-04,46.74,0.0,7.94,6.87
Inyo,2013-05,51.27,0.0,7.69,7.7
Inyo,2013-06,63.87,0.0,9.27,10.55
Inyo,2013-07,68.49,0.0,7.9,8.74
Inyo,2013-08,62.2,0.0,6.2,6.64
Inyo,2013-09,56.97,0.0,7.17,7.05
Inyo,2013-10,42.11,0.0,5.43,2.95
Inyo,2013-11,35.52,0.0,4.69,2.1
Inyo,2013-12,27.28,0.0,4.96,3.29
Inyo,2014-01,33.99,0.0,5.08,2.94
Inyo,2014-02,36.58,0.0,7.69,8.77
Inyo,2014-03,37.93,0.0,7.33,7.22
Inyo,2014-04,45.2,0.0,7.31,5.94
Inyo,2014-05,52.44,0.0,8.77,9.39
Inyo,2014-06,62.74,0.0,8.65,9.14
Inyo,2014-07,66.8,0.0,6.22,5.67
Inyo,2014-08,62.46,0.0,6.22,5.12
Inyo,2014-09,58.87,0.0,6.34,5.31
Inyo,2014-10,50.01,0.0,5.59,3.61
Inyo,2014-11,39.16,0.0,6.24,5.26
Inyo,2014-12,28.92,0.0,5.11,4.2
Inyo,2015-01,34.14,0.0,3.87,0.88
Inyo,2015-02,39.3,0.0,6.24,4.55
Inyo,2015-03,43.06,0.0,6.12,3.83
Inyo,2015-04,43.56,0.0,8.99,8.28
Inyo,2015-05,48.01,0.0,6.67,5.39
Inyo,2015-06,62.82,0.0,7.02,5.85
Inyo,2015-07,62.14,0.0,6.41,4.46
Inyo,2015-08,64.89,0.0,6.55,6.61
Inyo,2015-09,59.08,0.0,5.52,4.25
Inyo,2015-10,48.53,0.0,4.82,2.26
Inyo,2015-11,30.62,0.0,5.94,3.98
Inyo,2015-12,27.97,0.0,7.63,7.53
Inyo,2016-01,27.59,0.0,5.52,4.8
Inyo,2016-02,35.24,0.0,4.36,2.08
Inyo,2016-03,40.49,0.0,9.36,10.61
Inyo,2016-04,44.9,0.02,7.77,6.6
Inyo,2016-05,49.13,0.03,7.5,6.48
Inyo,2016-06,63.35,0.04,7.4,7.92
Inyo,2016-07,67.43,0.01,7.77,8.61
Inyo,2016-08,65.16,0.0,6.65,5.97
Inyo,2016-09,56.77,0.0,6.58,5.02
Inyo,2016-10,47.67,0.04,7.83,8.91
Inyo,2016-11,36.64,0.0,6.05,5.6
Inyo,2016-12,30.06,0.03,7.39,7.29
Inyo,2017-01,20.63,0.15,7.2,7.82
Inyo,2017-02,29.45,0.01,8.03,8.4
Inyo,2017-03,34.19,0.01,5.91,4.88
Inyo,2017-04,43.36,0.0,9.04,10.06
Inyo,2017-05,52.85,0.0,8.11,7.41
Inyo,2017-06,62.72,0.0,7.97,7.26
Inyo,2017-07,68.79,0.01,6.48,5.53
Inyo,2017-08,65.08,0.0,5.69,3.22
Inyo,2017-09,54.44,0.01,6.63,4.38
Inyo,2017-10,46.0,0.0,5.49,2.91
Inyo,2017-11,40.39,0.04,6.78,7.08
Inyo,2017-12,33.16,0.0,5.53,3.4
Inyo,2018-01,34.08,0.01,4.58,2.9
Inyo,2018-02,30.79,0.0,7.2,5.34
Inyo,2018-03,33.52,0.09,6.82,5.77
Inyo,2018-04,45.73,0.02,8.95,8.66
Inyo,2018-05,51.01,0.02,6.95,5.08
Inyo,2018-06,62.6,0.0,7.88,6.39
Inyo,2018-07,68.63,0.02,6.2,4.52
Inyo,2018-08,65.41,0.0,6.86,5.83
Inyo,2018-09,57.86,0.01,6.4,5.76
Inyo,2018-10,44.66,0.02,5.47,2.17
Inyo,2018-11,36.87,0.03,4.59,2.11
Inyo,2018-12,26.3,0.01,4.34,2.63
Inyo,2019-01,28.6,0.06,4.12,2.63
Inyo,2019-02,22.24,0.06,8.41,8.51
Inyo,2019-03,30.68,0.04,5.36,3.09
Inyo,2019-04,44.82,0.0,7.41,6.86
Inyo,2019-05,46.0,0.03,7.26,6.25
Inyo,2019-06,59.07,0.0,7.1,5.81
Inyo,2019-07,64.1,0.01,6.11,5.9
Inyo,2019-08,65.08,0.01,5.68,4.3
Inyo,2019-09,54.91,0.0,6.91,6.35
Inyo,2019-10,42.56,0.0,6.06,3.68
Inyo,2019-11,35.17,0.01,3.89,1.37
Inyo,2019-12,27.55,0.02,4.6,3.1
Inyo,2020-01,32.84,0.0,6.98,6.24
Inyo,2020-02,34.2,0.0,6.57,4.31
Inyo,2020-03,33.07,0.0,6.71,5.76
Inyo,2020-04,44.03,0.0,7.19,5.68
Inyo,2020-05,53.69,0.0,8.98,8.95
Inyo,2020-06,59.78,0.0,8.56,8.63
Inyo,2020-07,66.55,0.0,7.01,6.56
Inyo,2020-08,67.33,0.0,6.52,5.94
Inyo,2020-09,59.03,0.0,5.83,2.54
Inyo,2020-10,49.23,0.0,4.78,1.2
Inyo,2020-11,35.57,0.0,5.93,4.76
Inyo,2020-12,29.63,0.0,6.78,4.46
Inyo,2021-01,29.46,0.0,5.42,2.5
Inyo,2021-02,30.57,0.0,7.81,5.92
Inyo,2021-03,34.26,0.0,7.56,5.85
Inyo,2021-04,45.4,0.0,8.53,8.52
Inyo,2021-05,52.65,0.0,9.18,8.74
Inyo,2021-06,65.05,0.0,7.31,7.16
Inyo,2021-07,67.93,0.0,6.19,5.42
Inyo,2021-08,65.73,0.0,6.55,5.62
Inyo,2021-09,58.75,0.0,6.1,3.81
Inyo,2021-10,41.78,0.0,5.61,3.74
Inyo,2021-11,39.65,0.0,5.16,3.21
Inyo,2021-12,25.02,0.0,6.43,5.58
Kern,2010-01,48.67,0.0,4.53,1.44
Kern,2010-02,52.73,0.0,3.95,0.49
Kern,2010-03,55.99,0.0,5.07,0.43
Kern,2010-04,57.82,0.0,6.19,2.06
Kern,2010-05,65.78,0.0,7.38,2.57
Kern,2010-06,78.35,0.0,6.92,1.94
Kern,2010-07,84.36,0.0,6.19,0.8
Kern,2010-08,81.43,0.0,6.08,0.71
Kern,2010-09,77.72,0.0,5.01,0.37
Kern,2010-10,68.38,0.0,5.11,0.8
Kern,2010-11,54.46,0.0,4.37,0.55
Kern,2010-12,51.9,0.0,3.92,0.75
Kern,2011-01,46.0,0.0,3.43,0.12
Kern,2011-02,49.53,0.0,4.5,0.92
Kern,2011-03,55.76,0.0,4.94,1.14
Kern,2011-04,61.18,0.0,6.21,1.1
Kern,2011-05,66.29,0.0,7.14,2.15
Kern,2011-06,76.06,0.0,6.41,1.77
Kern,2011-07,83.9,0.0,6.28,0.83
Kern,2011-08,83.33,0.0,5.47,0.26
Kern,2011-09,80.31,0.0,5.31,0.57
Kern,2011-10,66.78,0.0,3.96,0.17
Kern,2011-11,52.81,0.0,4.92,1.33
Kern,2011-12,44.41,0.0,3.46,0.0
Kern,2012-01,50.87,0.0,3.86,0.26
Kern,2012-02,54.72,0.0,5.53,1.46
Kern,2012-03,57.23,0.0,5.89,1.69
Kern,2012-04,63.01,0.0,6.05,0.99
Kern,2012-05,72.22,0.0,6.33,1.53
Kern,2012-06,78.09,0.0,7.14,2.05
Kern,2012-07,83.43,0.0,6.47,0.73
Kern,2012-08,86.86,0.0,5.59,0.36
Kern,2012-09,81.13,0.0,4.79,0.18
Kern,2012-10,67.85,0.0,4.49,0.21
Kern,2012-11,56.88,0.0,3.75,0.02
Kern,2012-12,49.67,0.0,4.07,0.05
Kern,2013-01,45.98,0.0,3.34,0.29
Kern,2013-02,50.77,0.0,4.18,0.2
Kern,2013-03,60.55,0.0,4.66,0.59
Kern,2013-04,66.92,0.0,6.36,1.74
Kern,2013-05,72.57,0.0,6.87,2.41
Kern,2013-06,81.37,0.0,6.65,1.25
Kern,2013-07,87.8,0.0,6.33,0.43
Kern,2013-08,82.58,0.0,5.96,0.62
Kern,2013-09,76.69,0.0,4.94,0.45
Kern,2013-10,65.54,0.0,4.53,0.35
Kern,2013-11,57.44,0.0,3.63,0.15
Kern,2013-12,46.6,0.0,3.4,0.07
Kern,2014-01,53.46,0.0,4.17,1.3
Kern,2014-02,56.48,0.0,4.67,0.35
Kern,2014-03,62.05,0.01,6.13,0.56
Kern,2014-04,66.81,0.02,6.4,0.76
Kern,2014-05,74.06,0.0,6.93,1.3
Kern,2014-06,81.89,0.0,7.32,1.37
Kern,2014-07,87.41,0.0,7.0,0.38
Kern,2014-08,84.74,0.0,6.97,0.82
Kern,2014-09,80.82,0.0,5.78,0.08
Kern,2014-10,70.9,0.0,5.26,0.42
Kern,2014-11,58.39,0.02,4.09,0.0
Kern,2014-12,52.85,0.07,4.57,0.89
Kern,2015-01,49.19,0.02,3.37,0.0
Kern,2015-02,57.69,0.03,4.3,0.03
Kern,2015-03,64.42,0.01,4.75,0.25
Kern,2015-04,65.72,0.0,6.72,1.04
Kern,2015-05,69.81,0.02,6.94,1.02
Kern,2015-06,83.65,0.0,6.66,0.76
Kern,2015-07,84.43,0.0,7.58,1.41
Kern,2015-08,84.0,0.0,6.13,0.59
Kern,2015-09,80.61,0.0,5.52,0.36
Kern,2015-10,72.1,0.0,5.19,0.19
Kern,2015-11,52.74,0.02,4.01,0.08
Kern,2015-12,47.32,0.02,4.21,0.0
Kern,2016-01,51.0,0.03,4.71,0.23
Kern,2016-02,55.82,0.04,4.18,0.15
Kern,2016-03,60.38,0.01,5.65,0.79
Kern,2016-04,66.09,0.03,6.6,1.2
Kern,2016-05,72.63,0.02,6.97,1.33
Kern,2016-06,83.04,0.0,6.78,0.74
Kern,2016-07,86.56,0.0,6.83,0.55
Kern,2016-08,84.98,0.0,6.01,0.23
Kern,2016-09,78.67,0.0,6.22,0.64
Kern,2016-10,67.78,0.01,5.44,0.33
Kern,2016-11,58.44,0.01,4.5,0.36
Kern,2016-12,49.1,0.06,3.98,0.09
Kern,2017-01,49.24,0.09,4.7,0.37
Kern,2017-02,55.74,0.05,5.43,0.66
Kern,2017-03,59.79,0.01,5.0,0.98
Kern,2017-04,64.68,0.01,7.07,1.58
Kern,2017-05,73.05,0.0,6.95,0.86
Kern,2017-06,83.16,0.0,6.8,0.76
Kern,2017-07,89.25,0.0,6.48,0.43
Kern,2017-08,87.74,0.0,5.99,0.48
Kern,2017-09,78.86,0.02,6.39,0.33
Kern,2017-10,68.04,0.0,5.39,0.82
Kern,2017-11,59.99,0.0,4.15,0.1
Kern,2017-12,49.0,0.0,3.53,0.13
Kern,2018-01,52.86,0.03,4.25,0.29
Kern,2018-02,53.79,0.01,4.85,0.28
Kern,2018-03,58.11,0.08,5.64,0.2
Kern,2018-04,66.64,0.01,6.44,1.1
Kern,2018-05,72.57,0.0,7.16,1.14
Kern,2018-06,80.96,0.0,7.0,0.88
Kern,2018-07,89.35,0.0,6.54,0.28
Kern,2018-08,84.77,0.0,6.09,0.16
Kern,2018-09,78.89,0.0,5.19,0.15
Kern,2018-10,68.91,0.0,5.1,0.21
Kern,2018-11,57.8,0.02,3.91,0.0
Kern,2018-12,50.29,0.02,4.52,0.71
Kern,2019-01,52.75,0.03,5.74,1.74
Kern,2019-02,49.67,0.06,6.13,1.58
Kern,2019-03,57.0,0.06,5.54,0.33
Kern,2019-04,67.9,0.0,6.79,1.54
Kern,2019-05,67.08,0.05,6.96,0.84
Kern,2019-06,82.26,0.01,7.08,1.0
Kern,2019-07,85.37,0.0,6.39,0.49
Kern,2019-08,85.28,0.0,5.97,0.42
Kern,2019-09,77.41,0.0,5.77,0.38
Kern,2019-10,65.46,0.0,5.33,0.94
Kern,2019-11,57.74,0.03,4.24,0.07
Kern,2019-12,52.59,0.05,5.76,1.8
Kern,2020-01,48.13,0.01,3.72,0.15
Kern,2020-02,54.23,0.0,4.25,0.17
Kern,2020-03,56.63,0.05,6.25,0.61
Kern,2020-04,64.24,0.09,6.07,0.52
Kern,2020-05,73.64,0.01,7.22,1.25
Kern,2020-06,79.83,0.0,7.43,1.5
Kern,2020-07,85.72,0.0,6.97,0.54
Kern,2020-08,86.88,0.0,5.86,0.15
Kern,2020-09,81.49,0.0,5.01,0.23
Kern,2020-10,70.44,0.0,4.18,0.0
Kern,2020-11,55.03,0.0,3.81,0.02
Kern,2020-12,49.1,0.01,4.51,0.62
Kern,2021-01,50.61,0.03,5.54,1.57
Kern,2021-02,54.0,0.0,4.88,0.43
Kern,2021-03,56.98,0.02,6.06,0.94
Kern,2021-04,67.03,0.01,6.33,1.01
Kern,2021-05,74.56,0.0,7.18,1.53
Kern,2021-06,83.7,0.0,7.42,0.69
Kern,2021-07,89.99,0.0,7.02,0.49
Kern,2021-08,86.32,0.0,6.14,0.45
Kern,2021-09,80.29,0.0,5.37,0.3
Kern,2021-10,65.43,0.03,5.73,0.98
Kern,2021-11,56.02,0.0,3.39,0.0
Kern,2021-12,48.34,0.08,4.63,0.58
Lake,2010-01,56.14,0.0,3.77,1.99
Lake,2010-02,55.52,0.0,4.07,0.68
Lake,2010-03,57.38,0.0,4.05,1.02
Lake,2010-04,57.1,0.0,4.91,1.53
Lake,2010-05,59.24,0.0,4.95,0.44
Lake,2010-06,61.79,0.0,4.67,0.23
Lake,2010-07,65.78,0.0,4.09,0.18
Lake,2010-08,67.71,0.0,3.39,0.12
Lake,2010-09,67.46,0.0,2.91,0.14
Lake,2010-10,65.37,0.0,3.3,0.09
Lake,2010-11,61.14,0.0,3.64,0.55
Lake,2010-12,56.95,0.0,3.73,1.54
Lake,2011-01,58.71,0.0,2.77,0.06
Lake,2011-02,55.18,0.0,4.35,0.98
Lake,2011-03,57.74,0.0,3.64,0.72
Lake,2011-04,61.33,0.0,4.78,0.66
Lake,2011-05,63.78,0.0,5.23,1.66
Lake,2011-06,64.77,0.0,4.44,0.33
Lake,2011-07,70.14,0.0,3.98,0.06
Lake,2011-08,68.59,0.0,3.22,0.04
Lake,2011-09,66.49,0.0,3.32,0.08
Lake,2011-10,63.13,0.0,2.71,0.34
Lake,2011-11,58.31,0.0,3.12,0.18
Lake,2011-12,53.34,0.0,2.78,0.1
Lake,2012-01,56.22,0.0,2.66,0.13
Lake,2012-02,55.54,0.0,3.95,0.96
Lake,2012-03,55.93,0.0,4.5,1.73
Lake,2012-04,58.56,0.0,4.2,1.46
Lake,2012-05,61.76,0.0,4.58,0.51
Lake,2012-06,62.13,0.0,4.24,0.23
Lake,2012-07,66.68,0.0,3.95,0.13
Lake,2012-08,71.94,0.0,3.22,0.02
Lake,2012-09,71.89,0.0,2.61,0.06
Lake,2012-10,67.32,0.0,2.94,0.18
Lake,2012-11,60.68,0.0,2.49,0.28
Lake,2012-12,55.49,0.0,2.84,0.2
Lake,2013-01,54.5,0.0,2.99,0.41
Lake,2013-02,54.79,0.0,3.71,0.64
Lake,2013-03,57.62,0.0,3.33,0.24
Lake,2013-04,60.26,0.0,4.82,0.76
Lake,2013-05,64.73,0.0,5.22,0.69
Lake,2013-06,66.22,0.0,4.37,0.37
Lake,2013-07,69.14,0.0,3.56,0.12
Lake,2013-08,68.94,0.0,3.21,0.08
Lake,2013-09,70.36,0.0,3.14,0.21
Lake,2013-10,64.16,0.0,3.21,0.44
Lake,2013-11,61.03,0.0,2.84,0.14
Lake,2013-12,56.16,0.0,3.36,0.44
Lake,2014-01,57.7,0.0,2.16,0.02
Lake,2014-02,57.03,0.0,3.32,0.64
Lake,2014-03,60.12,0.0,3.87,0.74
Lake,2014-04,61.25,0.02,4.39,1.35
Lake,2014-05,66.86,0.0,5.1,1.79
Lake,2014-06,65.57,0.0,4.2,0.43
Lake,2014-07,70.38,0.0,3.55,0.37
Lake,2014-08,70.93,0.01,3.33,0.29
Lake,2014-09,72.48,0.0,3.67,0.2
Lake,2014-10,68.92,0.0,3.14,0.1
Lake,2014-11,63.33,0.02,3.62,0.31
Lake,2014-12,57.49,0.11,3.78,0.65
Lake,2015-01,58.57,0.02,2.64,0.06
Lake,2015-02,59.9,0.01,3.78,0.5
Lake,2015-03,63.29,0.06,3.85,0.05
Lake,2015-04,62.4,0.01,4.62,0.77
Lake,2015-05,60.24,0.04,5.67,0.8
Lake,2015-06,65.69,0.0,4.54,0.28
Lake,2015-07,69.37,0.03,4.41,0.22
Lake,2015-08,72.03,0.0,4.31,0.33
Lake,2015-09,73.61,0.0,3.84,0.12
Lake,2015-10,71.43,0.02,3.93,0.07
Lake,2015-11,60.38,0.02,4.18,1.14
Lake,2015-12,55.31,0.03,4.31,1.23
Lake,2016-01,55.87,0.1,3.91,1.03
Lake,2016-02,61.07,0.01,3.33,0.59
Lake,2016-03,59.02,0.03,4.41,1.01
Lake,2016-04,62.22,0.02,4.62,0.52
Lake,2016-05,61.87,0.01,5.5,0.72
Lake,2016-06,64.33,0.0,4.64,0.2
Lake,2016-07,69.79,0.0,4.45,0.2
Lake,2016-08,69.55,0.0,3.9,0.23
Lake,2016-09,69.01,0.01,4.13,0.26
Lake,2016-10,65.56,0.0,3.17,0.15
Lake,2016-11,62.83,0.04,3.63,0.46
Lake,2016-12,56.71,0.14,3.98,0.92
Lake,2017-01,55.34,0.15,4.21,1.62
Lake,2017-02,56.06,0.19,4.03,0.96
Lake,2017-03,58.89,0.0,3.68,0.27
Lake,2017-04,61.69,0.0,4.33,0.46
Lake,2017-05,60.48,0.02,5.16,0.78
Lake,2017-06,62.17,0.0,4.42,0.21
Lake,2017-07,70.26,0.0,4.14,0.02
Lake,2017-08,69.61,0.0,4.01,0.12
Lake,2017-09,69.51,0.0,4.15,0.16
Lake,2017-10,68.65,0.0,3.82,0.07
Lake,2017-11,62.3,0.0,2.38,0.05
Lake,2017-12,58.56,0.0,3.04,0.2
Lake,2018-01,59.19,0.1,3.3,0.59
Lake,2018-02,56.11,0.02,4.27,0.98
Lake,2018-03,57.13,0.07,4.44,0.48
Lake,2018-04,59.88,0.0,4.74,0.61
Lake,2018-05,60.66,0.0,5.49,0.79
Lake,2018-06,63.87,0.0,5.27,0.55
Lake,2018-07,70.56,0.0,4.25,0.11
Lake,2018-08,72.82,0.0,4.12,0.32
Lake,2018-09,67.66,0.0,3.47,0.08
Lake,2018-10,65.69,0.02,3.42,0.23
Lake,2018-11,62.72,0.03,3.77,0.57
Lake,2018-12,56.31,0.05,3.41,0.41
Lake,2019-01,57.46,0.08,3.96,0.36
Lake,2019-02,53.91,0.19,5.31,2.23
Lake,2019-03,58.16,0.05,4.2,0.37
Lake,2019-04,61.64,0.02,4.64,0.25
Lake,2019-05,61.6,0.03,5.21,1.36
Lake,2019-06,63.1,0.0,4.27,0.07
Lake,2019-07,69.58,0.0,4.43,0.12
Lake,2019-08,69.16,0.0,3.56,0.04
Lake,2019-09,69.92,0.0,4.05,0.13
Lake,2019-10,66.31,0.0,3.65,0.28
Lake,2019-11,59.7,0.12,3.28,0.41
Lake,2019-12,55.98,0.13,3.49,0.27
Lake,2020-01,55.41,0.02,3.19,0.14
Lake,2020-02,56.63,0.03,4.0,0.43
Lake,2020-03,57.04,0.15,4.8,0.69
Lake,2020-04,60.0,0.21,4.69,0.51
Lake,2020-05,64.75,0.0,4.51,0.28
Lake,2020-06,66.11,0.01,4.89,0.2
Lake,2020-07,68.09,0.0,4.14,0.06
Lake,2020-08,71.3,0.0,4.03,0.14
Lake,2020-09,70.96,0.0,2.99,0.02
Lake,2020-10,69.21,0.0,3.26,0.15
Lake,2020-11,59.29,0.0,3.1,0.53
Lake,2020-12,56.8,0.03,3.73,0.57
Lake,2021-01,55.86,0.07,4.08,1.54
Lake,2021-02,55.78,0.01,3.71,0.16
Lake,2021-03,55.65,0.05,5.07,0.98
Lake,2021-04,59.54,0.0,4.64,0.49
Lake,2021-05,60.86,0.0,5.65,0.43
Lake,2021-06,63.39,0.0,4.62,0.2
Lake,2021-07,65.97,0.01,4.32,0.11
Lake,2021-08,68.85,0.0,3.77,0.08
Lake,2021-09,67.78,0.0,3.62,0.02
Lake,2021-10,63.6,0.04,3.69,0.46
Lake,2021-11,61.04,0.0,2.71,0.06
Lake,2021-12,54.03,0.1,4.4,1.05
Lassen,2010-01,36.24,0.0,3.83,2.27
Lassen,2010-02,39.97,0.0,3.36,0.83
Lassen,2010-03,45.45,0.0,7.36,5.76
Lassen,2010-04,48.87,0.0,8.55,7.23
Lassen,2010-05,52.84,0.0,8.37,7.5
Lassen,2010-06,68.9,0.0,8.01,7.03
Lassen,2010-07,78.52,0.0,6.85,5.07
Lassen,2010-08,72.95,0.0,6.35,4.9
Lassen,2010-09,67.34,0.0,4.76,2.91
Lassen,2010-10,55.42,0.0,4.14,1.87
Lassen,2010-11,40.46,0.0,5.55,4.07
Lassen,2010-12,38.74,0.0,5.07,3.95
Lassen,2011-01,35.98,0.0,2.52,0.6
Lassen,2011-02,34.85,0.0,5.72,4.72
Lassen,2011-03,43.86,0.0,8.23,6.65
Lassen,2011-04,48.83,0.0,8.38,7.58
Lassen,2011-05,54.46,0.0,8.67,8.14
Lassen,2011-06,65.63,0.0,7.37,5.14
Lassen,2011-07,75.62,0.0,7.04,5.74
Lassen,2011-08,75.67,0.0,6.07,4.27
Lassen,2011-09,70.7,0.0,4.24,1.67
Lassen,2011-10,55.82,0.0,4.5,2.64
Lassen,2011-11,41.45,0.0,5.07,3.35
Lassen,2011-12,32.91,0.0,2.84,1.16
Lassen,2012-01,38.2,0.0,4.17,2.92
Lassen,2012-02,38.99,0.0,5.41,3.29
Lassen,2012-03,45.21,0.0,10.8,11.18
Lassen,2012-04,53.63,0.0,7.91,6.64
Lassen,2012-05,62.02,0.0,7.24,5.49
Lassen,2012-06,69.24,0.0,8.64,8.16
Lassen,2012-07,77.77,0.0,7.26,6.16
Lassen,2012-08,78.79,0.0,5.82,4.23
Lassen,2012-09,71.26,0.0,4.17,1.97
Lassen,2012-10,57.67,0.0,4.73,2.87
Lassen,2012-11,45.33,0.0,5.24,5.03
Lassen,2012-12,36.12,0.0,5.96,5.29
Lassen,2013-01,28.37,0.0,2.93,1.2
Lassen,2013-02,37.91,0.0,4.16,2.33
Lassen,2013-03,49.08,0.0,5.51,3.57
Lassen,2013-04,53.88,0.0,7.9,5.93
Lassen,2013-05,61.25,0.0,7.37,6.06
Lassen,2013-06,72.52,0.0,6.75,4.95
Lassen,2013-07,80.76,0.0,6.73,5.08
Lassen,2013-08,74.61,0.0,6.39,4.65
Lassen,2013-09,66.64,0.0,6.44,5.05
Lassen,2013-10,50.7,0.0,3.97,1.46
Lassen,2013-11,43.02,0.0,2.48,0.85
Lassen,2013-12,28.12,0.0,2.69,0.93
Lassen,2014-01,37.9,0.0,2.8,0.89
Lassen,2014-02,44.11,0.0,6.33,4.47
Lassen,2014-03,48.54,0.0,7.81,5.8
Lassen,2014-04,54.58,0.01,7.38,4.49
Lassen,2014-05,62.28,0.02,8.38,6.47
Lassen,2014-06,72.2,0.0,7.97,5.64
Lassen,2014-07,80.57,0.01,6.95,3.82
Lassen,2014-08,73.72,0.03,6.32,3.43
Lassen,2014-09,69.03,0.01,6.24,3.74
Lassen,2014-10,58.03,0.0,5.47,3.7
Lassen,2014-11,44.74,0.02,4.49,2.04
Lassen,2014-12,39.46,0.03,5.36,2.79
Lassen,2015-01,39.27,0.0,2.49,0.19
Lassen,2015-02,45.6,0.05,5.58,3.73
Lassen,2015-03,52.22,0.0,5.45,2.28
Lassen,2015-04,52.47,0.01,7.72,5.34
Lassen,2015-05,59.63,0.03,7.61,4.54
Lassen,2015-06,74.87,0.01,7.04,4.25
Lassen,2015-07,74.78,0.03,6.88,3.56
Lassen,2015-08,76.31,0.0,6.65,3.45
Lassen,2015-09,69.43,0.0,5.54,2.88
Lassen,2015-10,59.27,0.04,3.91,1.16
Lassen,2015-11,37.28,0.07,4.36,1.55
Lassen,2015-12,35.93,0.02,6.99,4.5
Lassen,2016-01,37.01,0.04,5.52,3.57
Lassen,2016-02,43.19,0.03,4.39,1.99
Lassen,2016-03,48.18,0.03,9.07,8.01
Lassen,2016-04,54.47,0.03,7.85,4.59
Lassen,2016-05,60.4,0.04,7.24,3.9
Lassen,2016-06,73.65,0.0,7.94,5.75
Lassen,2016-07,77.37,0.0,8.0,6.32
Lassen,2016-08,76.29,0.0,6.32,3.54
Lassen,2016-09,66.99,0.0,5.62,2.79
Lassen,2016-10,54.57,0.08,6.67,4.81
Lassen,2016-11,45.98,0.01,5.26,3.34
Lassen,2016-12,36.08,0.04,5.77,3.09
Lassen,2017-01,32.47,0.18,5.69,2.16
Lassen,2017-02,41.09,0.12,7.84,5.86
Lassen,2017-03,47.86,0.03,6.51,4.09
Lassen,2017-04,51.05,0.02,9.16,7.58
Lassen,2017-05,62.8,0.02,7.45,4.08
Lassen,2017-06,72.83,0.0,7.4,4.23
Lassen,2017-07,80.8,0.0,6.71,3.47
Lassen,2017-08,78.68,0.01,6.42,2.97
Lassen,2017-09,65.28,0.02,5.93,3.58
Lassen,2017-10,52.84,0.01,4.11,1.39
Lassen,2017-11,47.99,0.04,6.11,4.42
Lassen,2017-12,34.8,0.0,3.24,1.29
Lassen,2018-01,41.87,0.02,4.05,2.12
Lassen,2018-02,37.14,0.01,5.3,2.4
Lassen,2018-03,41.93,0.08,6.55,4.01
Lassen,2018-04,53.27,0.02,7.86,5.22
Lassen,2018-05,61.37,0.06,6.93,3.27
Lassen,2018-06,72.16,0.0,7.79,5.31
Lassen,2018-07,81.84,0.03,6.66,3.55
Lassen,2018-08,77.91,0.0,6.54,3.26
Lassen,2018-09,68.22,0.0,5.39,2.79
Lassen,2018-10,53.86,0.01,4.01,1.04
Lassen,2018-11,43.01,0.03,3.83,1.18
Lassen,2018-12,36.79,0.03,5.14,1.66
Lassen,2019-01,38.15,0.09,4.13,1.66
Lassen,2019-02,35.03,0.14,8.98,7.43
Lassen,2019-03,44.04,0.04,6.73,2.91
Lassen,2019-04,55.55,0.01,7.62,5.21
Lassen,2019-05,57.94,0.01,8.34,5.07
Lassen,2019-06,71.32,0.0,7.76,4.6
Lassen,2019-07,76.75,0.01,7.04,4.55
Lassen,2019-08,77.67,0.0,6.45,3.25
Lassen,2019-09,64.39,0.01,6.61,3.7
Lassen,2019-10,50.06,0.0,4.75,1.74
Lassen,2019-11,44.18,0.01,3.44,0.95
Lassen,2019-12,37.35,0.05,4.39,1.66
Lassen,2020-01,40.67,0.0,5.78,4.03
Lassen,2020-02,41.61,0.0,5.18,2.26
Lassen,2020-03,42.46,0.03,7.01,4.57
Lassen,2020-04,53.55,0.01,7.51,4.38
Lassen,2020-05,61.56,0.0,8.6,6.54
Lassen,2020-06,69.05,0.0,7.97,5.85
Lassen,2020-07,77.5,0.01,7.17,4.23
Lassen,2020-08,78.21,0.0,6.16,2.6
Lassen,2020-09,69.65,0.0,4.61,1.62
Lassen,2020-10,56.6,0.0,3.25,0.56
Lassen,2020-11,41.84,0.01,5.2,3.6
Lassen,2020-12,35.26,0.01,3.91,1.52
Lassen,2021-01,36.89,0.03,4.51,1.69
Lassen,2021-02,39.37,0.0,6.24,3.57
Lassen,2021-03,43.16,0.0,7.3,4.38
Lassen,2021-04,54.14,0.0,6.98,4.41
Lassen,2021-05,61.66,0.0,7.57,4.98
Lassen,2021-06,75.94,0.0,7.46,5.42
Lassen,2021-07,81.92,0.01,7.28,4.3
Lassen,2021-08,75.78,0.0,5.74,2.9
Lassen,2021-09,68.23,0.0,5.54,2.8
Lassen,2021-10,51.93,0.1,5.79,2.67
Lassen,2021-11,46.58,0.0,4.09,1.78
Lassen,2021-12,35.47,0.1,5.5,3.45
Los Angeles,2010-01,55.83,0.0,3.97,1.36
Los Angeles,2010-02,55.2,0.0,4.27,0.78
Los Angeles,2010-03,58.89,0.0,5.07,1.31
Los Angeles,2010-04,58.08,0.0,5.8,2.03
Los Angeles,2010-05,63.05,0.0,6.29,1.27
Los Angeles,2010-06,66.65,0.0,5.88,0.4
Los Angeles,2010-07,70.18,0.0,5.88,0.28
Los Angeles,2010-08,73.01,0.0,5.1,0.26
Los Angeles,2010-09,72.65,0.0,4.28,0.13
Los Angeles,2010-10,64.79,0.0,4.42,0.74
Los Angeles,2010-11,58.96,0.0,4.44,1.23
Los Angeles,2010-12,55.18,0.0,4.62,1.66
Los Angeles,2011-01,56.11,0.0,2.91,0.19
Los Angeles,2011-02,52.46,0.0,3.95,0.98
Los Angeles,2011-03,57.63,0.0,4.73,1.37
Los Angeles,2011-04,62.33,0.0,5.97,1.82
Los Angeles,2011-05,62.61,0.0,6.19,1.1
Los Angeles,2011-06,65.13,0.0,5.72,0.79
Los Angeles,2011-07,72.46,0.0,5.68,0.17
Los Angeles,2011-08,73.68,0.0,5.4,0.18
Los Angeles,2011-09,70.94,0.0,4.68,0.11
Los Angeles,2011-10,66.46,0.0,3.43,0.17
Los Angeles,2011-11,56.81,0.0,3.69,0.54
Los Angeles,2011-12,52.71,0.0,3.31,1.89
Los Angeles,2012-01,57.16,0.0,3.57,0.78
Los Angeles,2012-02,55.21,0.0,4.44,0.74
Los Angeles,2012-03,55.7,0.0,5.09,1.15
Los Angeles,2012-04,60.59,0.0,5.44,1.21
Los Angeles,2012-05,64.69,0.0,5.9,0.61
Los Angeles,2012-06,66.98,0.0,5.93,0.59
Los Angeles,2012-07,70.91,0.0,5.66,0.27
Los Angeles,2012-08,79.07,0.0,5.25,0.3
Los Angeles,2012-09,78.03,0.0,4.16,0.22
Los Angeles,2012-10,69.27,0.0,4.15,0.77
Los Angeles,2012-11,60.94,0.0,3.44,0.13
Los Angeles,2012-12,53.26,0.0,3.86,0.55
Los Angeles,2013-01,53.35,0.0,3.99,1.11
Los Angeles,2013-02,56.52,0.0,3.94,1.03
Los Angeles,2013-03,62.58,0.0,4.68,0.38
Los Angeles,2013-04,64.99,0.0,6.27,1.59
Los Angeles,2013-05,70.0,0.0,6.3,1.12
Los Angeles,2013-06,72.22,0.0,5.98,0.35
Los Angeles,2013-07,75.08,0.0,5.56,0.11
Los Angeles,2013-08,76.46,0.0,5.28,0.29
Los Angeles,2013-09,76.81,0.0,4.57,0.46
Los Angeles,2013-10,67.03,0.0,3.73,0.5
Los Angeles,2013-11,63.67,0.0,3.19,0.38
Los Angeles,2013-12,57.5,0.0,2.89,0.12
Los Angeles,2014-01,62.9,0.0,2.89,0.43
Los Angeles,2014-02,60.58,0.0,4.56,1.15
Los Angeles,2014-03,61.16,0.0,4.3,0.62
Los Angeles,2014-04,64.52,0.0,5.63,1.93
Los Angeles,2014-05,70.02,0.0,6.21,1.62
Los Angeles,2014-06,69.0,0.0,6.0,0.7
Los Angeles,2014-07,75.01,0.0,5.44,0.31
Los Angeles,2014-08,74.88,0.0,5.37,0.68
Los Angeles,2014-09,76.57,0.0,4.57,0.35
Los Angeles,2014-10,70.01,0.0,3.48,0.04
Los Angeles,2014-11,63.62,0.01,3.53,0.61
Los Angeles,2014-12,56.58,0.1,4.09,2.12
Los Angeles,2015-01,58.31,0.03,2.86,0.77
Los Angeles,2015-02,60.9,0.02,3.26,0.36
Los Angeles,2015-03,66.86,0.03,4.4,0.92
Los Angeles,2015-04,64.66,0.01,5.13,1.26
Los Angeles,2015-05,62.88,0.01,5.61,0.71
Los Angeles,2015-06,72.61,0.0,5.79,0.49
Los Angeles,2015-07,73.74,0.01,5.63,0.51
Los Angeles,2015-08,77.95,0.0,5.09,0.48
Los Angeles,2015-09,78.8,0.03,4.33,0.32
Los Angeles,2015-10,74.45,0.01,4.36,0.93
Los Angeles,2015-11,58.86,0.0,3.69,1.0
Los Angeles,2015-12,53.55,0.02,4.3,1.89
Los Angeles,2016-01,54.45,0.01,3.43,0.72
Los Angeles,2016-02,63.35,0.05,3.55,0.82
Los Angeles,2016-03,60.49,0.06,5.07,1.29
Los Angeles,2016-04,64.91,0.01,5.42,1.7
Los Angeles,2016-05,62.03,0.0,5.26,0.7
Los Angeles,2016-06,72.17,0.0,5.93,0.64
Los Angeles,2016-07,75.23,0.0,6.16,0.39
Los Angeles,2016-08,74.32,0.0,5.67,0.23
Los Angeles,2016-09,72.8,0.0,5.44,0.48
Los Angeles,2016-10,68.18,0.01,4.06,0.14
Los Angeles,2016-11,63.17,0.04,3.78,0.58
Los Angeles,2016-12,54.75,0.08,4.32,1.02
Los Angeles,2017-01,53.24,0.19,5.19,0.96
Los Angeles,2017-02,54.93,0.04,5.75,1.51
Los Angeles,2017-03,63.24,0.01,5.27,1.22
Los Angeles,2017-04,65.69,0.0,6.73,3.29
Los Angeles,2017-05,64.75,0.0,6.4,0.59
Los Angeles,2017-06,71.15,0.0,6.38,0.56
Los Angeles,2017-07,76.37,0.0,6.38,0.2
Los Angeles,2017-08,75.85,0.0,6.01,0.25
Los Angeles,2017-09,73.65,0.0,5.26,0.28
Los Angeles,2017-10,71.48,0.0,4.07,0.28
Los Angeles,2017-11,63.68,0.0,3.15,0.05
Los Angeles,2017-12,59.9,0.0,4.74,3.09
Los Angeles,2018-01,60.66,0.08,3.99,1.02
Los Angeles,2018-02,57.27,0.01,4.76,0.97
Los Angeles,2018-03,58.06,0.12,5.34,0.72
Los Angeles,2018-04,63.16,0.0,6.34,0.98
Los Angeles,2018-05,63.1,0.0,5.94,0.29
Los Angeles,2018-06,68.41,0.0,6.56,0.48
Los Angeles,2018-07,78.78,0.0,6.62,0.31
Los Angeles,2018-08,76.58,0.0,5.95,0.15
Los Angeles,2018-09,71.33,0.0,5.18,0.07
Los Angeles,2018-10,67.47,0.01,4.49,0.67
Los Angeles,2018-11,61.58,0.04,3.57,0.34
Los Angeles,2018-12,55.26,0.08,4.24,1.11
Los Angeles,2019-01,54.69,0.14,4.68,1.25
Los Angeles,2019-02,50.66,0.26,6.14,1.62
Los Angeles,2019-03,58.28,0.07,5.69,1.35
Los Angeles,2019-04,63.04,0.0,6.43,1.94
Los Angeles,2019-05,60.46,0.03,6.11,0.59
Los Angeles,2019-06,67.13,0.0,6.01,0.1
Los Angeles,2019-07,73.38,0.0,6.25,0.22
Los Angeles,2019-08,74.74,0.0,5.72,0.15
Los Angeles,2019-09,73.63,0.0,5.19,0.22
Los Angeles,2019-10,68.51,0.0,4.36,0.37
Los Angeles,2019-11,60.17,0.06,3.77,0.55
Los Angeles,2019-12,53.95,0.14,4.5,1.32
Los Angeles,2020-01,55.51,0.0,3.72,0.56
Los Angeles,2020-02,57.82,0.0,5.11,2.37
Los Angeles,2020-03,56.16,0.15,5.74,0.85
Los Angeles,2020-04,62.64,0.11,5.81,0.63
Los Angeles,2020-05,68.47,0.01,6.05,0.22
Los Angeles,2020-06,69.63,0.0,6.71,0.75
Los Angeles,2020-07,73.03,0.0,5.99,0.07
Los Angeles,2020-08,77.37,0.0,5.87,0.15
Los Angeles,2020-09,76.66,0.0,3.93,0.03
Los Angeles,2020-10,71.04,0.0,3.78,0.3
Los Angeles,2020-11,60.43,0.0,3.48,0.35
Los Angeles,2020-12,56.34,0.03,3.87,1.4
Los Angeles,2021-01,56.79,0.09,4.68,1.23
Los Angeles,2021-02,58.19,0.0,5.57,2.89
Los Angeles,2021-03,56.59,0.03,5.5,1.36
Los Angeles,2021-04,62.75,0.0,5.99,0.79
Los Angeles,2021-05,63.81,0.0,6.4,0.38
Los Angeles,2021-06,70.67,0.0,6.49,0.17
Los Angeles,2021-07,75.13,0.0,6.36,0.09
Los Angeles,2021-08,75.07,0.0,5.62,0.14
Los Angeles,2021-09,72.65,0.0,4.97,0.07
Los Angeles,2021-10,65.37,0.02,4.81,1.04
Los Angeles,2021-11,63.77,0.0,3.63,0.77
Los Angeles,2021-12,54.08,0.19,4.64,0.79
Madera,2010-01,47.87,0.0,4.38,0.7
Madera,2010-02,51.41,0.0,3.5,0.15
Madera,2010-03,55.25,0.0,5.28,1.05
Madera,2010-04,57.37,0.0,6.23,1.49
Madera,2010-05,64.98,0.0,8.2,2.65
Madera,2010-06,77.68,0.0,9.1,2.45
Madera,2010-07,83.24,0.0,7.2,0.14
Madera,2010-08,79.71,0.0,6.51,0.15
Madera,2010-09,76.39,0.0,5.07,0.3
Madera,2010-10,67.23,0.0,4.69,0.4
Madera,2010-11,52.75,0.0,3.61,0.17
Madera,2010-12,50.32,0.0,3.93,0.23
Madera,2011-01,45.52,0.0,2.52,0.0
Madera,2011-02,48.84,0.0,4.29,0.66
Madera,2011-03,54.98,0.0,6.32,1.36
Madera,2011-04,60.54,0.0,7.3,2.09
Madera,2011-05,65.12,0.0,7.9,2.0
Madera,2011-06,74.75,0.0,7.6,0.99
Madera,2011-07,81.77,0.0,7.32,0.26
Madera,2011-08,82.23,0.0,6.04,0.11
Madera,2011-09,80.07,0.0,5.22,0.16
Madera,2011-10,67.05,0.0,3.61,0.2
Madera,2011-11,52.13,0.0,3.26,0.21
Madera,2011-12,43.99,0.0,2.11,0.55
Madera,2012-01,48.28,0.0,2.9,0.24
Madera,2012-02,52.0,0.0,4.2,0.52
Madera,2012-03,55.85,0.0,5.76,1.38
Madera,2012-04,62.78,0.0,6.45,1.66
Madera,2012-05,72.29,0.0,8.07,1.89
Madera,2012-06,78.04,0.0,9.03,3.0
Madera,2012-07,83.3,0.0,6.69,0.35
Madera,2012-08,85.92,0.0,6.36,0.17
Madera,2012-09,80.89,0.0,4.5,0.0
Madera,2012-10,68.35,0.0,4.18,0.11
Madera,2012-11,57.02,0.0,3.12,0.15
Madera,2012-12,50.19,0.0,4.62,0.31
Madera,2013-01,46.19,0.0,2.77,0.26
Madera,2013-02,50.3,0.0,2.97,0.24
Madera,2013-03,61.79,0.0,4.93,0.49
Madera,2013-04,67.43,0.0,6.92,1.75
Madera,2013-05,73.01,0.0,8.81,2.07
Madera,2013-06,81.11,0.0,8.73,1.66
Madera,2013-07,86.94,0.0,6.76,0.24
Madera,2013-08,82.81,0.0,7.27,0.61
Madera,2013-09,77.34,0.0,6.63,0.82
Madera,2013-10,65.72,0.0,3.45,0.11
Madera,2013-11,57.39,0.0,2.49,0.0
Madera,2013-12,46.43,0.0,2.29,0.0
Madera,2014-01,52.0,0.0,2.44,0.0
Madera,2014-02,55.88,0.0,4.91,0.44
Madera,2014-03,61.76,0.01,5.88,0.87
Madera,2014-04,66.67,0.03,6.96,0.85
Madera,2014-05,74.42,0.0,8.94,1.66
Madera,2014-06,81.41,0.0,8.17,0.81
Madera,2014-07,86.61,0.0,7.37,0.12
Madera,2014-08,84.18,0.0,6.58,0.2
Madera,2014-09,80.25,0.01,6.27,0.16
Madera,2014-10,71.35,0.0,4.42,0.33
Madera,2014-11,56.61,0.03,3.06,0.0
Madera,2014-12,51.04,0.07,4.04,0.09
Madera,2015-01,47.56,0.01,2.36,0.0
Madera,2015-02,55.62,0.04,3.91,0.07
Madera,2015-03,63.72,0.0,5.45,0.48
Madera,2015-04,64.32,0.04,6.98,1.08
Madera,2015-05,68.4,0.02,7.63,0.58
Madera,2015-06,82.47,0.0,7.55,0.5
Madera,2015-07,82.9,0.01,8.13,0.61
Madera,2015-08,82.16,0.0,7.61,0.36
Madera,2015-09,78.21,0.0,5.81,0.27
Madera,2015-10,70.58,0.02,4.85,0.09
Madera,2015-11,50.98,0.06,3.66,0.17
Madera,2015-12,45.16,0.1,4.11,0.04
Madera,2016-01,49.29,0.12,4.53,0.2
Madera,2016-02,54.41,0.04,3.33,0.11
Madera,2016-03,58.34,0.09,5.74,0.6
Madera,2016-04,64.51,0.04,7.22,1.56
Madera,2016-05,71.12,0.01,7.76,1.07
Madera,2016-06,81.07,0.0,8.66,0.53
Madera,2016-07,84.1,0.0,7.81,0.25
Madera,2016-08,82.34,0.0,6.88,0.03
Madera,2016-09,76.05,0.0,5.59,0.24
Madera,2016-10,65.88,0.02,6.08,0.78
Madera,2016-11,56.39,0.05,4.21,0.46
Madera,2016-12,46.38,0.08,3.93,0.12
Madera,2017-01,47.89,0.18,5.51,0.32
Madera,2017-02,53.76,0.09,7.01,0.43
Madera,2017-03,58.44,0.03,5.4,1.17
Madera,2017-04,61.82,0.11,8.32,2.15
Madera,2017-05,70.99,0.0,7.97,1.07
Madera,2017-06,80.76,0.0,8.38,0.72
Madera,2017-07,86.62,0.0,7.37,0.21
Madera,2017-08,84.83,0.0,6.97,0.1
Madera,2017-09,76.74,0.01,6.47,0.33
Madera,2017-10,65.21,0.0,4.11,0.4
Madera,2017-11,57.36,0.01,4.12,0.2
Madera,2017-12,46.8,0.0,2.62,0.2
Madera,2018-01,51.55,0.04,4.07,0.26
Madera,2018-02,52.45,0.01,4.29,0.46
Madera,2018-03,56.43,0.14,6.39,0.67
Madera,2018-04,64.47,0.02,7.49,1.61
Madera,2018-05,70.92,0.0,8.53,0.84
Madera,2018-06,79.65,0.0,7.93,0.75
Madera,2018-07,87.96,0.0,7.75,0.19
Madera,2018-08,82.8,0.0,7.35,0.12
Madera,2018-09,77.57,0.0,6.02,0.03
Madera,2018-10,67.47,0.0,4.33,0.12
Madera,2018-11,54.45,0.06,2.91,0.02
Madera,2018-12,49.25,0.02,2.86,0.05
Madera,2019-01,51.43,0.07,4.45,0.3
Madera,2019-02,49.1,0.12,6.77,0.98
Madera,2019-03,56.9,0.04,6.32,0.62
Madera,2019-04,66.97,0.01,6.96,1.28
Madera,2019-05,66.34,0.08,7.26,0.54
Madera,2019-06,80.83,0.0,8.09,0.67
Madera,2019-07,84.35,0.0,7.88,0.25
Madera,2019-08,84.49,0.0,7.54,0.11
Madera,2019-09,76.9,0.0,6.93,0.44
Madera,2019-10,64.96,0.0,4.44,0.1
Madera,2019-11,56.86,0.02,3.69,0.27
Madera,2019-12,50.51,0.08,4.35,0.12
Madera,2020-01,47.8,0.02,3.57,0.1
Madera,2020-02,54.38,0.0,3.56,0.27
Madera,2020-03,56.05,0.07,5.95,0.29
Madera,2020-04,64.04,0.06,7.16,0.81
Madera,2020-05,73.48,0.0,8.18,1.09
Madera,2020-06,79.88,0.0,8.44,1.54
Madera,2020-07,84.82,0.0,7.56,0.19
Madera,2020-08,85.88,0.0,6.68,0.08
Madera,2020-09,79.37,0.0,4.68,0.05
Madera,2020-10,70.69,0.0,3.51,0.0
Madera,2020-11,54.38,0.01,3.6,0.08
Madera,2020-12,47.91,0.04,3.76,0.03
Madera,2021-01,49.31,0.11,4.4,0.2
Madera,2021-02,53.55,0.01,5.22,0.33
Madera,2021-03,55.98,0.04,5.65,0.76
Madera,2021-04,65.8,0.01,6.4,0.35
Madera,2021-05,73.55,0.0,8.68,1.53
Madera,2021-06,82.56,0.0,8.46,0.67
Madera,2021-07,88.67,0.0,7.64,0.32
Madera,2021-08,84.74,0.0,6.68,0.23
Madera,2021-09,79.28,0.0,5.83,0.15
Madera,2021-10,64.57,0.04,5.27,0.93
Madera,2021-11,55.61,0.01,3.35,0.0
Madera,2021-12,47.46,0.12,5.07,0.12
